﻿<?xml version="1.0" encoding="utf-8"?><Persona xmlns:xsi="http://www.w3.org/2001/XMLSchema-instance" xmlns:xsd="http://www.w3.org/2001/XMLSchema"><id>388c8c9d-aeb5-4108-b3ca-152d84cc15b9</id><nombre>GASPAR FRANCISCO ROS BERRUEZO</nombre><AutorCorrespondienteDe><articuloAcademico><id /><nombre>Estimación de la distribución diaria de nutrientes en la dieta estándar en España.</nombre></articuloAcademico><articuloAcademico><id /><nombre>NUTRITIONAL MEANING OF DIETARY FIBRE AND PHYTIC ACID IN MEATBASED HOMOGENISED WEANING FOODS.</nombre></articuloAcademico><articuloAcademico><id /><nombre>Assessment of the antioxidant properties During Storage of a Dessert made from grape</nombre></articuloAcademico><articuloAcademico><id /><nombre>Prevención de la deficiencia en hierro mediante el enriquecimiento de los alimentos.</nombre></articuloAcademico><articuloAcademico><id /><nombre>LICOPENO Y OTROS ANTIOXIDANTES DEL TOMATE. PAPEL EN LA PREVENCION DE ENFERMEDADES CARDIOVASCULARES</nombre></articuloAcademico><articuloAcademico><id>06c7c5aa-eac1-48f8-9c38-6583e6c41af2</id><nombre>Effect of adding different thickening agents on the viscosity properties and in vitro mineral availability of infant formula.</nombre></articuloAcademico><articuloAcademico><id>080b0345-8316-44b2-be7a-ccd58e15fdef</id><nombre>Bioactive compounds, folates and antioxidant properties of tomatoes Lycopersicum esculentum during vine ripening.</nombre></articuloAcademico><articuloAcademico><id>0e13e8b2-9233-4980-9d2a-fd37bed4bcde</id><nombre>Does ascorbic acid supplementation affect iron bioavailability in rats fed micronized dispersible ferric pyrophosphate fortified fruit juice</nombre></articuloAcademico><articuloAcademico><id>0b722ae1-0961-48f7-89c7-dbf48f3bcd9c</id><nombre>SUSTITUTIVOS DE UNA COMIDA COMO TERAPIA DIETÉTICA EN EL CONTROL DE PESO. EVALUACIÓN EN HOMBRES Y MUJERES CON DIFERENTES GRADOS DE OBESIDAD</nombre></articuloAcademico><articuloAcademico><id /><nombre>Changes in content of vitamins A and E in growing-up milk throughout its shelf life.</nombre></articuloAcademico><articuloAcademico><id>0e9e788b-f453-4fb3-90eb-a2b655e9a5ff</id><nombre>THE DIETARY FIBER COMPONENTS AND THEIR PHYSIOLOGICAL EFFECTS</nombre></articuloAcademico><articuloAcademico><id>0dacdee4-95ef-480c-8f22-21f85fba284d</id><nombre>Protein Nutritional Quality of Infant Cereals during Processing.</nombre></articuloAcademico><articuloAcademico><id /><nombre>Raciones dietéticas recomendadas para elementos traza.</nombre></articuloAcademico><articuloAcademico><id>0f5c217a-5603-4495-a8e9-d351cf94b30e</id><nombre>A method to collect to high volumes of milk from mice (Mus musculus).</nombre></articuloAcademico><articuloAcademico><id /><nombre>Infant formula supplemented with polyamines alters the intestinal microbiota in neonatal BALB/cOlaHsd mice</nombre></articuloAcademico><articuloAcademico><id>164218a3-b58d-41db-b576-cbeb21cea03e</id><nombre>VARIATIONS OF NON-PROTEIN NITROGEN IN SIX  SPANISH LEGUMES ACCORDING TO THE EXTRACTION METHOD USED</nombre></articuloAcademico><articuloAcademico><id /><nombre>Stability of carotenoids, phenolic compounds, ascorbic acid and antioxidant capacity of tomatoes during thermal processing.</nombre></articuloAcademico><articuloAcademico><id /><nombre>INDICES OF QUALITY AND MATURITY FOR DIFFERENT COMMERCIAL SIZES OF PEA SEED FOR CANNING</nombre></articuloAcademico><articuloAcademico><id /><nombre>INFLUENCIA DEL TRATAMIENTO TÉRMICO Y LA FIBRA DIATETICA EN LA CALIDAD DE LA PROTEINA DE LA ALCACHOFA Y SU SUBPRODUCTO.</nombre></articuloAcademico><articuloAcademico><id>1e279d67-86c0-48fd-afc8-72881f195e7e</id><nombre>Anisakidos en pescado y su relación con la seguridad alimentaria.</nombre></articuloAcademico><articuloAcademico><id>1d4babc5-6f53-4625-bc5e-518e3057af6c</id><nombre>ASSESSMENT OF THE ANTIOXIDANT PROPERTIES OF TOMATO EXTRACTS: A SYNERGISTIC APPROACH USING IN VITRO CHEMICAL TESTS AND CELL-BASED ASSAYS</nombre></articuloAcademico><articuloAcademico><id /><nombre>Optimisation of in vitro measurement of avialable iron from different fortificants in citric fruit juices</nombre></articuloAcademico><articuloAcademico><id>21d41dfa-3cc8-4e48-acf8-3c15816f3ec0</id><nombre>Building a unified Spanish food database according to EuroFIR specifications.</nombre></articuloAcademico><articuloAcademico><id /><nombre>EL CONTENIDO DE NITROGENO NO PROTEICO EN LEGUMBRES DE LA DIETA MEDITERRANEA COMO FACTOR LIMITANTE DE SU VALOR MUTRITIVO</nombre></articuloAcademico><articuloAcademico><id>2405c6a6-411f-49f9-95da-0ba6a66684e8</id><nombre>ELECTROLYTE COMPOSITION OF MEAT-BASED INFANT BEIKOSTS</nombre></articuloAcademico><articuloAcademico><id /><nombre>Péptidos bioactivos procedentes de proteínas de pollo con propiedades antioxidantes</nombre></articuloAcademico><articuloAcademico><id>22027bcd-ecc1-4cee-8d50-9e063c19f357</id><nombre>PRINCIPALES PREBIÓTICOS Y SUS EFECTOS EN LA ALIMENTACIÓN HUMANA</nombre></articuloAcademico><articuloAcademico><id /><nombre>Use of haem iron concentrate in the fortification of weaning foods.</nombre></articuloAcademico><articuloAcademico><id /><nombre>Alimentos infantiles para el periodo lácteo parte I.</nombre></articuloAcademico><articuloAcademico><id>314c0fa9-9202-43f2-8677-5da0ec43f282</id><nombre>MODIFICATIONS IN THE MINERAL CONTENT OF GREEN ASPARAGUS CASPARAGUS OFFICINALIS,L.DURING DEVELOPMENT AND PROCESSING BLANCHING AND CANNING</nombre></articuloAcademico><articuloAcademico><id>2f95a991-e840-40db-b732-01f9435b5e9c</id><nombre>Alimentación complementaria: es igual el perfil nutricional de un puré casero que el de un tarrito comercial</nombre></articuloAcademico><articuloAcademico><id>297f52df-7086-4a9a-8330-85e93b3211e8</id><nombre>Compuestos funcionales de la leche materna.</nombre></articuloAcademico><articuloAcademico><id>2b5be27f-45bc-4b3c-96d2-68d46032ac47</id><nombre>INFLUENCIA DEL TRATAMIENTO ENZIMÁTICO SOBRE LA CALIDAD DE LA PROTEÍNA DEL GUISANTE</nombre></articuloAcademico><articuloAcademico><id /><nombre>The effect of tomato juice supplementation on biomarkers and gene expression related to lipid metabolism in rats with induced hepatic steatosis</nombre></articuloAcademico><articuloAcademico><id /><nombre>OXIDATIVE STRESS STATUS IN AN INSTITUTIONALISED ELDERLY GROUP AFTER THE INTAKE OF A PHENOLIC-RICH DESSERT.</nombre></articuloAcademico><articuloAcademico><id>394f969b-957c-4a12-8469-6adbf29c969f</id><nombre>Aminoácidos esenciales y no esenciales de harinas de cereales infantiles en distintas fases de procesado industrial y su relación con índices químicos de la calidad proteica.</nombre></articuloAcademico><articuloAcademico><id /><nombre>PROPIEDADES FUNCIONALES DE LA FIBRA DIETÉTICA. MECANISMOS DE ACCIÓN EN EL TRACTO GASTROINTESTINAL.</nombre></articuloAcademico><articuloAcademico><id>4067fff4-9f21-40dc-85ec-4431bfbadafe</id><nombre>Descripción de la composición mineral y otros parámetros de calidad del músculo Longissimus dorsi del cerdo Chato Murciano en pureza y cruzado con cerdo Large White en condiciones de explotación outdoor.</nombre></articuloAcademico><articuloAcademico><id /><nombre>Conten and in vitro availability of Fe, Zn, Mg, Ca and  P in homogeinized fish-based weaning foods after bone addition.</nombre></articuloAcademico><articuloAcademico><id /><nombre>Changes in some constituents of pea seed during commercial canning.</nombre></articuloAcademico><articuloAcademico><id /><nombre>Stability of Pycnogenol as an ingredient in fruit juices subjected to in vitro gastrointestinal digestion.</nombre></articuloAcademico><articuloAcademico><id /><nombre>Resembling breast milk: influence of polyamine-supplemented formula on neonatal BALB/cOlaHsd mouse microbiota.</nombre></articuloAcademico><articuloAcademico><id>479dbb34-efad-4f2f-b658-44000b31fbbe</id><nombre>Acute intake of phenolic-rich juice improves antioxidant status in healthy subjects.</nombre></articuloAcademico><articuloAcademico><id /><nombre>Significado nutricional de los compuestos fenólicos de la dieta.</nombre></articuloAcademico><articuloAcademico><id>47d37aae-4811-4b5e-85f9-171e918ecdca</id><nombre>Situación actual del empleo de aditivos sintéticos en preparados cárnicos y nuevas tendencias para la sustitución de los mismos.</nombre></articuloAcademico><articuloAcademico><id /><nombre>Mixture approach for optimizing lycopene extraction from tomato and tomato products.</nombre></articuloAcademico><articuloAcademico><id>4ef5d603-755b-41ab-897f-afe8d04fb067</id><nombre>Evoluación de la microfolora duraten la maduración del Queso Idiazabal.</nombre></articuloAcademico><articuloAcademico><id /><nombre>NON-STARCH POLYSACCHARIDES AND IN VITRO STARCH DIGESTIBILITY OF RAW AND COOKED CHICK PEAS.</nombre></articuloAcademico><articuloAcademico><id>563e30e0-7384-485b-93fc-64ededd144b9</id><nombre>Alimentación del cerdo con algas bioactivas: efecto prebiótico y mejora de la calidad de la carne del cerdo.</nombre></articuloAcademico><articuloAcademico><id /><nombre>Fortificación de fórmulas y cereales infantiles con distintas fuentes de hierro.</nombre></articuloAcademico><articuloAcademico><id /><nombre>Effects of processing on dextrin, total starch, dietary fiber and starch digestibility in infant cereals.</nombre></articuloAcademico><articuloAcademico><id>5c120e83-3275-49fd-b5d6-0dd541927d0d</id><nombre>AZIDIOL AS A PRESERVATIVE FOR MILK SAMPLES</nombre></articuloAcademico><articuloAcademico><id>57e6ac65-32f3-42ca-a82b-6e832954d313</id><nombre>Folate Content in Tomato Lycopersicon esculentum. Influence of Cultivar, Ripeness, Year of Harvest, and Pasteurization and Storage Temperature.</nombre></articuloAcademico><articuloAcademico><id /><nombre>IMPORTANCIA NUTRICIONAL DEL SELENIO.</nombre></articuloAcademico><articuloAcademico><id /><nombre>Phytic acid and inositol phosphates in raw flours and infant cereals. the effect of processing.</nombre></articuloAcademico><articuloAcademico><id /><nombre>Antiproliferative and cytoprotective activities of a phenolic-rich juice in HepG2 cells</nombre></articuloAcademico><articuloAcademico><id>5d08ab1a-2b33-4eac-b60d-e41775e68db5</id><nombre>Iron and calcium availability from digestion of infant cereals by Caco-2 cells.</nombre></articuloAcademico><articuloAcademico><id>4da64dda-f288-4ebe-aa93-d0f938ebc65e</id><nombre>Estimación de la ingesta y necesidades de enriquecimiento de folatos y ácido fólico en alimentos.</nombre></articuloAcademico><articuloAcademico><id>5c051a86-dbc0-498f-9144-14c2062fe19f</id><nombre>EVALUACION NUTRICIONAL Y ESTADO ANTIOXIDANTE DE UN GRUPO DE ANCIANOS INSTITUCIONALIZADOS DE MURCIA ESPAÑA</nombre></articuloAcademico><articuloAcademico><id>5fe9d959-a24b-4fc1-8fd3-24f7b3e5d8da</id><nombre>Cytological and compositional evaluation of white asparagus spears as a function of variety, thickness, portion and storage conditions.</nombre></articuloAcademico><articuloAcademico><id /><nombre>Cinética de los procesos de deterioro de los alimentos.</nombre></articuloAcademico><articuloAcademico><id /><nombre>Muscle cellularity and flesh quality of wild and farmed sea bass, Dicentrarchus labrax L.</nombre></articuloAcademico><articuloAcademico><id>5ff4579b-700b-43d4-b5ec-f289d816c6c6</id><nombre>Iron absorption and haemoglobin status of rats fed a ferrous bisglycinate-fortified growing-up milk.</nombre></articuloAcademico><articuloAcademico><id /><nombre>Papel de las poliaminas en la alimentación.  Importancia de las poliaminas en la alimentación infantil.</nombre></articuloAcademico><articuloAcademico><id>642ce2cf-ccb1-4620-8a7a-8eb2883f352e</id><nombre>Application of bifidobacterial phytases in infant cereals: effect on phytate contents and mineral dialyzability.</nombre></articuloAcademico><articuloAcademico><id /><nombre>ADHERENCE TO THE MEDITERRANEAN DIET BY NURSING STUDENTS OF MURCIA (SPAIN)</nombre></articuloAcademico><articuloAcademico><id>68dc58c0-c273-4294-a248-840bbc73d1bb</id><nombre>Satiety Innovations: Food Products to Assist Consumerswith Weight Loss, Evidence on the Role of Satiety in HealthyEating: Overview and In Vitro Approximation</nombre></articuloAcademico><articuloAcademico><id>6596a22b-df88-4945-8dd9-bfd888712125</id><nombre>DESIGN OF PRODUCT AS SOURCE OF VARIANCE IN COMPOSITION OF MEAT-BASED INFANT BEIKOSTS</nombre></articuloAcademico><articuloAcademico><id /><nombre>IN VITRO PROTEIN DIGESTIBILITY AND MINERAL AVAILABILITY OF GREEN BEANS PHASEOLUS VULGARIS L AS INFLUENCED BY VARIETY AND POD SIZE</nombre></articuloAcademico><articuloAcademico><id /><nombre>Relación entre los parámetros sensoriales, fisico-químicos e instrumentales en el jamón cocido.</nombre></articuloAcademico><articuloAcademico><id>6a0920aa-c45d-47e4-9665-a903db39dff7</id><nombre>NON-STARCH POLYSACCHARIDES AND IN VITRO STARCHA DIGESTIBILITY OF RAW AND COOKED CHICK PEAS</nombre></articuloAcademico><articuloAcademico><id>6a241422-9127-4f9a-9a05-9ef7f77cf323</id><nombre>Effect of dephytinization on bioavailability of iron, calcium and zinc from infant cereals assessed in the Caco-2 cell model.</nombre></articuloAcademico><articuloAcademico><id /><nombre>IN VITRO ESTIMATION OF PROTEIN AND MINERAL AVAILABILITY IN GREEN PEAS AS AFFECTED BY ANTINUTRITIVE FACTORS AND MATURITY</nombre></articuloAcademico><articuloAcademico><id>6e90289e-4a36-4217-87e2-690ad97803d8</id><nombre>Spanish food composition database: A challenge for a consensus.</nombre></articuloAcademico><articuloAcademico><id>77faf944-bf35-4aa7-b940-4d7ca7b08151</id><nombre>The content and nutritional significance of mineral on fish flesh in the presence and absence of bone.</nombre></articuloAcademico><articuloAcademico><id>793d4438-ef76-4545-a266-98e87b2b7449</id><nombre>Effects of infant cereals with different carbohydrate profiles on colonic function-randomised and double-blind clinical trial in infants aged between 6 and 12 months-pilot study.</nombre></articuloAcademico><articuloAcademico><id /><nombre>MINERAL LOSS IN COWPEAS VIGNA UNGUICULATA L. WALP BY PRESSURE HEATING IN WATER</nombre></articuloAcademico><articuloAcademico><id /><nombre>6S-5-Methyltetrahydrofolate enhances folate status in rats fed growing-up milk</nombre></articuloAcademico><articuloAcademico><id>73a7cf97-e3fb-4bb3-bb29-dc7da1b554aa</id><nombre>Physico-chemical and nutritional properties of cowpeas Vigna unguiculata heated under pressure.</nombre></articuloAcademico><articuloAcademico><id>7b3c64ef-5eb7-4cb2-adab-a1172857bd32</id><nombre>Folate fortification of white and whole-grain bread by adding Swiss chard and spinach. Acceptability by consumers.</nombre></articuloAcademico><articuloAcademico><id>7a195c4a-fa03-4a84-823e-8b81d3c0b709</id><nombre>Folatos: funcionalidad y salud.</nombre></articuloAcademico><articuloAcademico><id /><nombre>Effect of fructooligosaccharides and galactooligosaccharides on the folate production of some folate-producing bacteria in media cultures or milk.</nombre></articuloAcademico><articuloAcademico><id>7d46558e-6710-4d27-9c45-755ff727ab70</id><nombre>MINERAL COMPOSITION OF ISOLATED FIBRE FRACTIONS FROM ARTICHOKE AND THE EFFECT OF PHOSPHATE BUFFER ON ITS STRUCTURE AND MINERAL CONTENT.</nombre></articuloAcademico><articuloAcademico><id>8300e814-dec2-4a81-91fc-5b2e30476e10</id><nombre>RELATIONSHIPS BETWEEN PHYSICAL AND HYDRATION PROPERTIES OF SOLUBLE AND INSOLUBLE FIBER OF ARTICHOKE</nombre></articuloAcademico><articuloAcademico><id>7b8dcc63-3e78-49c3-9f1b-81b5553abd4c</id><nombre>Stability of calcium bioaccessibility and sensory parameters during the storage of fortified juices.</nombre></articuloAcademico><articuloAcademico><id /><nombre>Prebióticos y producción de ácidos grasos de cadena corta en la salud intestinal lactante.</nombre></articuloAcademico><articuloAcademico><id>8090b971-6525-4601-8a8d-80c226547f8f</id><nombre>SOME MINERAL CONCENTRATION MODIFICATIONS DURING PEA CANNING</nombre></articuloAcademico><articuloAcademico><id>878d8e33-62e2-44b8-b227-91f6113d5a38</id><nombre>Evaluación de la microbiota intestinal en lactantes: efecto de la leche materna.</nombre></articuloAcademico><articuloAcademico><id /><nombre>VARIACION EN EL CONTENIDO DE FIBRA DIETETICA DEL GUISANTE (PISUM SATIVUM) EN FUNCION DE LA VARIEDAD, TAMAÑO Y METODO ANALITICO</nombre></articuloAcademico><articuloAcademico><id /><nombre>Comparative study of the characteristics of the carcass and the meat of the Chato Murciano pig and its cross with Iberian pig, reared indoors.</nombre></articuloAcademico><articuloAcademico><id>7e838c5b-13d0-4a09-9c4a-6588a28d6cd9</id><nombre>Fuentes de peligros específicos para la salud humana de los productos de la pesca: los ictiotoxismos.</nombre></articuloAcademico><articuloAcademico><id /><nombre>Effect of consumption of tomato juice enriche with n-3 polyunsaturated fatty acid on lipid profile, antioxidant biomarker status, and cardiovascular disease risk in healthy women</nombre></articuloAcademico><articuloAcademico><id /><nombre>Influence of the reformulation of ingredients in bakery products on healthy characteristics and acceptability of consumers</nombre></articuloAcademico><articuloAcademico><id /><nombre>Increasing natural food folates through bioprocessing and biotechnology.</nombre></articuloAcademico><articuloAcademico><id /><nombre>MINERAL COMPOSITION OF MEAT-BASED INFANT BEIKOSTS. A PRELIMINARY STUDY</nombre></articuloAcademico><articuloAcademico><id>8f08f93d-8663-4f57-9959-f70840b78241</id><nombre>VALOR NUTRITIVO DE LOS ARROCES CALASPARRA EN COMPARACION CON OTROS ARROCES COMERCIALES ESPAÑOLES</nombre></articuloAcademico><articuloAcademico><id /><nombre>Evaluación del bienestar animal en mataderos y su relación con la calidad de la carne de bovino.</nombre></articuloAcademico><articuloAcademico><id>8ae539d6-bf51-4256-9442-10a08b83b04a</id><nombre>Neofobia alimentaria: imparcto sobre los hábitos alimentarios y aceptación de alimentos saludables en usuarios de comedores escolares</nombre></articuloAcademico><articuloAcademico><id>960686f4-4e6f-4e7c-b140-d30cd9c93550</id><nombre>Effect of probiotic, prebiotic and synbiotic follow-up infant formulas on iron bioavailabiity in rats.</nombre></articuloAcademico><articuloAcademico><id /><nombre>RELATIONSHIPS BETWEEN PHYSICAL-CHEMICAL COMPOSITION OF RAW PEAS AND SENSORY ATTRIBUTES OF CANNED PEAS</nombre></articuloAcademico><articuloAcademico><id /><nombre>METODOS DE DETERMINACION DE LA FIBRA DIETETICA. ASPECTOS CRITICOS</nombre></articuloAcademico><articuloAcademico><id /><nombre>EFFECTS OF COMMERCIAL CANNING ON SDS-PAGE PATTERNS OF THE ALBUMIN FRACTION OF FOUR PEA SIZES</nombre></articuloAcademico><articuloAcademico><id>96726dde-e795-47d4-b848-971d96468ccd</id><nombre>PHYSICO-CHEMICAL AND SENSORY QUALITY CRITERIA OF GREEN BEANS PHASEOLUS VULGARIS,L.</nombre></articuloAcademico><articuloAcademico><id /><nombre>Fermentation Capabilities of Bifidobacteria Using Nondigestible Oligosaccharides, and Their Viability as Probiotics in Commercial Powder Infant Formula</nombre></articuloAcademico><articuloAcademico><id>905c3efd-cf87-4be0-b38f-cf005143477c</id><nombre>FOLATOS Y SU DISPONIBILIDAD EN ALIMENTOS EVALUADOS POR CROMATOGRAFÍA LÍQUIDA (HPLC). VALIDACIÓN Y APLICACIONES EN CALIDAD NUTRICIONAL DE ALIMENTOS</nombre></articuloAcademico><articuloAcademico><id /><nombre>Structure and Functions of Lactoferrin as Ingredient in Infant Formulas.</nombre></articuloAcademico><articuloAcademico><id /><nombre>Bioavailability of calcium, magnesium and phosphorus in rats fed probiotic,prebiotic and synbiotic powder follow-up infant formulas and their effect on physiological and nutritional parameters.</nombre></articuloAcademico><articuloAcademico><id>a03849b2-22d2-4ae1-8b94-4b603a693613</id><nombre>Changes in bioactive compounds and antioxidant activity during homogenization and thermal processing of tomato puree.</nombre></articuloAcademico><articuloAcademico><id /><nombre>BIODISPONIBILIDAD DEL SELENIO Y METODOS DE EVALUACIONSelenium bioavailability and methods of evaluation.</nombre></articuloAcademico><articuloAcademico><id>9553ca07-0351-432f-b46b-b79c9759573d</id><nombre>Polyamine supplementation in infant formula: Influence on lymphocyte populations and immune system-related gene expression in a Balb/cOlaHsd mouse model.</nombre></articuloAcademico><articuloAcademico><id>9cb6876a-a3cb-4b26-b3cb-8914a4f6f1ea</id><nombre>MICROBIOLOGICAL QUALITY OF PEPPER PIPER NIGRUM II.FOOD POISONING BACTERIA</nombre></articuloAcademico><articuloAcademico><id /><nombre>Determination of shelf-life of homogenized apple-based beikost storage at different temperatures using Weibull hazard model.</nombre></articuloAcademico><articuloAcademico><id /><nombre>Phytic acid in human nutrition.</nombre></articuloAcademico><articuloAcademico><id /><nombre>Evaluando la aceptación de alimentos en escolares registro visual cualitativo frente a análisis de residuos de alimentos</nombre></articuloAcademico><articuloAcademico><id /><nombre>Influence of the design of a product on in vitro mineral availability of homogenized weaning foods.</nombre></articuloAcademico><articuloAcademico><id /><nombre>Empleo de fitasas como ingrediente funcional en alimentos.</nombre></articuloAcademico><articuloAcademico><id /><nombre>Longitudinal Study of Cytokine Expression, Lipid Profile and Neuronal Growth Factors in Human Breast Milk from Term and Preterm Deliveries.</nombre></articuloAcademico><articuloAcademico><id /><nombre>Fecal Microbiota Changes with the Consumption of  Follow-up Formulas Containing Biodobacterium spp. and/or Galactooligosaccharides by Rats and a Follow-up Infant Formula Containing Bifidobacterium spp. by Human Infants.</nombre></articuloAcademico><articuloAcademico><id /><nombre>Influence of in vitro gastrointestinal digestion and/or grape seedextract addition on antioxidant capacity of meat emulsions</nombre></articuloAcademico><articuloAcademico><id>ad9a3559-979a-4e81-acdf-97f17fb8b43d</id><nombre>Cross-sectional study to evaluate the associated factors with differences between city and districts secondary school students of the southeast of Spain (Murcia) for their adherence to the Mediterranean diet</nombre></articuloAcademico><articuloAcademico><id /><nombre>Quality of data on folic acid content in vegetables included in several Spanish Food Composition Tables and new data on their folate content.</nombre></articuloAcademico><articuloAcademico><id /><nombre>Anti-inflammatory properties of fruit juices enriched with pine bark extract in an in vitro model of inflamed human intestinal epithelium: The effect of gastrointestinal digestion.</nombre></articuloAcademico><articuloAcademico><id>a9d9e166-0ce3-4545-a817-f787e54533f1</id><nombre>Nutrientes clave en la alimentación complementaria:el hierro en fórmulas y cereales.</nombre></articuloAcademico><articuloAcademico><id /><nombre>PROXIMATE AND MINERAL COMPOSITION OF DRIED SALTED ROES OF HAKE MERLUCCIUS MERLUCCIUS,L. AND LING MOLVA MOLVA,L.</nombre></articuloAcademico><articuloAcademico><id>af17b09c-552b-457a-8d6c-b6c1123815ba</id><nombre>Effect of dephytinization and follow-on formula addition on in vitro iron, calcium and zinc availability from infant cereals.</nombre></articuloAcademico><articuloAcademico><id>aea64b25-f453-41f2-b771-5343359a5cdb</id><nombre>BIODISPONIBILIDAD DEL HIERRO DE LOS ALIMENTOS</nombre></articuloAcademico><articuloAcademico><id>c23c0304-58ee-4493-bd07-ba3117acc4db</id><nombre>INFLUENCE OF IN VITRO GASTROINTESTINAL DIGESTION OF FRUIT JUICES ENRICHED WITH PINE BARK EXTRACT ON INTESTINAL MICROFLORA</nombre></articuloAcademico><articuloAcademico><id /><nombre>MODIFICACIONES DEL VALOR NUTRITIVO DE LA ALCACHOFA DURANTE SU PROCESADO INDUSTRIAL.</nombre></articuloAcademico><articuloAcademico><id>ab05c729-5f48-4e46-b24f-ccd75220349a</id><nombre>Effect of processing on polyamine content and bioactive peptidesreleased after in vitro gastrointestinal digestion of infant formulas</nombre></articuloAcademico><articuloAcademico><id>c0e995e0-adbb-413d-84b8-b4ff336e4ea3</id><nombre>Transgenic multivitamin corn through biofortification of endosperm with three vitamins representing three distinct metabolic pathways.</nombre></articuloAcademico><articuloAcademico><id>c5ddcee0-3ffc-4a03-b91d-4f0b54f7c3e6</id><nombre>Biodisponibilidad mineral (II): cobre, manganeso y selenio.</nombre></articuloAcademico><articuloAcademico><id>bde308d0-9ef9-40cf-9c66-c4e521c5b0bf</id><nombre>Evaluation of antioxidant activity and antiproliferative affect of fruit juices enriched with Pycnogenol in colon carcinoma cells. The effect of in vitro gastrointestinal digestion.</nombre></articuloAcademico><articuloAcademico><id>be3e01ed-34f6-4ec4-a1b6-eb841f1f00ae</id><nombre>Importancia del componente graso en la dieta del niño de 6 a 12 meses de edad.</nombre></articuloAcademico><articuloAcademico><id /><nombre>Antioxidant activity comparison between (6S)-5 methyltetrahydrofolic acid calcium salt and the related racemate form</nombre></articuloAcademico><articuloAcademico><id /><nombre>Sodium alginate as feed additive in cultured sea bream Sparus aurata: Does it modify the quality of the flesh</nombre></articuloAcademico><articuloAcademico><id /><nombre>VALORACIÓN DE LA BIODISPONIBILIDAD DE FOLATOS EN LA DIETA</nombre></articuloAcademico><articuloAcademico><id /><nombre>Beikost: alimentos infantiles para la transición y maduración digestiva parte II.</nombre></articuloAcademico><articuloAcademico><id>c27624aa-a5d0-4e89-98b1-f1928f213e8c</id><nombre>Funcionalidad de folatos en la dieta.</nombre></articuloAcademico><articuloAcademico><id /><nombre>Biodisponibilidad mineral (I): hierro y zinc.</nombre></articuloAcademico><articuloAcademico><id /><nombre>MICROBIOLOGICAL QUALITY OF PEPPER PIPER NIGRUM I.MARKER MICROORGANISMS</nombre></articuloAcademico><articuloAcademico><id>d7a0a36d-b80e-4f81-9c74-68297df3a854</id><nombre>CONTENT AND IN VITRO AVAILABILITY OF FE, ZN, MG, CA AND P IN HOMOGENIZED FISH-BASED WEANING FOODS AFTER BONE ADDITION</nombre></articuloAcademico><articuloAcademico><id /><nombre>Effects of probiotic, prebiotic and synbiotic follow-up infant formulas on large intestine morphology and bone mineralisation in rats.</nombre></articuloAcademico><articuloAcademico><id /><nombre>INFLUENCIA DEL INHIBIDOR DE LA TRIPSINA Y DEL ACIDO FITICO SOBRE LA DIGESTIBILIDAD IN VITRODE LA PROTEINA EN LEGUMBRES DE LA DIETA MEDITERRANEA</nombre></articuloAcademico><articuloAcademico><id /><nombre>ASSESSMENT OF THE ROLE OF MEAT CUT ON THE Fe, Zn, Cu, Ca AND Mg CONTENT AND THEIR IN VITRO AVAILABILITY IN HOMOGENISED WEANING FOODS.</nombre></articuloAcademico><articuloAcademico><id /><nombre>MN,ZN,CU AND FE CONTENT IN DIETARY FIBER RESIDUES OF PEAS</nombre></articuloAcademico><articuloAcademico><id>d0a88895-1bd9-420b-88bc-f3cb0b2224d8</id><nombre>Métodos de evaluación de la biodisponibilidad mineral.</nombre></articuloAcademico><articuloAcademico><id>c40e3880-1356-4b57-ae47-f72d68d8cd7e</id><nombre>Propiedades químicas, biológicas y valor nutritivo del licopeno.</nombre></articuloAcademico><articuloAcademico><id>d0c86797-06b1-4d2d-b879-5f2df0225544</id><nombre>Non-protein nitrogen in infant cereals affected by industrial processing.</nombre></articuloAcademico><articuloAcademico><id>e3a27a97-df37-41f2-a983-f11198cb13b2</id><nombre>&amp;#945-Lactoalbúmina como ingrediente de fórmulas infantiles.</nombre></articuloAcademico><articuloAcademico><id /><nombre>Detection of key factors in the extraction and quantification of lycopene from tomato and tomato products.</nombre></articuloAcademico><articuloAcademico><id /><nombre>Total antioxidant capacity of meat and meat products consumedin a reference "Spanish standard diet".</nombre></articuloAcademico><articuloAcademico><id>dc78a91e-1fae-4ee5-af17-27063d08449c</id><nombre>AMINO ACIDS AND IN VITRTO PROTEIN DIGESTIBILITY CHANGES IN GREEN ASPARAGUS ASPARAGUS OFFICINALIS, l. DURING GROWTH AND PROCESSING</nombre></articuloAcademico><articuloAcademico><id /><nombre>Importancia del yodo en nutricion humana y en la práctica clínica.</nombre></articuloAcademico><articuloAcademico><id /><nombre>SIZE DEPENDENCE OF COLOR, TEXTURE AND NUTRITIONAL QUALITIES OF CANNED PEA PISUM SATIVUM</nombre></articuloAcademico><articuloAcademico><id /><nombre>Assessment of intestinal microbiota of full-term breast fed infants from two different geographical locations.</nombre></articuloAcademico><articuloAcademico><id /><nombre>Safety and Immunomodulatory Effects of Three Probiotic Strains Isolated from the Feces of Breast-Fed Infants in Healthy Adults: SETOPROB Study.</nombre></articuloAcademico><articuloAcademico><id>ecc8abdd-0b47-41cb-9b7d-d9746dfc3366</id><nombre>MONITORING VOLATILE AND NONVOLATILE AMINES IN DRIED AND SALTED ROES OF TUNA THUNNUS THYNNUS L. DURING MANUFACTURE AND STORAGE</nombre></articuloAcademico><articuloAcademico><id>f520c6e9-37fe-4c4a-b770-9f6d7be05962</id><nombre>FOLATOS Y SU TRASCENDENCIA NUTRICIONAL</nombre></articuloAcademico><articuloAcademico><id>decb78fa-88ac-48a1-bdb0-2522e8d1aeaa</id><nombre>La mora: dulce fuente de colorantes y antioxidantes naturales</nombre></articuloAcademico><articuloAcademico><id>e238e54b-6ba7-4352-8005-b79920524499</id><nombre>COOKING WATER UPTAKE AND STARCH DIGESTIBLE VALUE OF SELECTED SPANISH RICES</nombre></articuloAcademico><articuloAcademico><id>d8443ee9-f16d-4d0b-8b70-b49717f53a7d</id><nombre>INFLUENCE OF ENZYMATIC TREATMENT ON TH NUTRITIONAL AND FUNCTIONAL PROPERTIES OF PEA FLOUR</nombre></articuloAcademico><articuloAcademico><id /><nombre>Contribución al estudio de tipificación del Queso Idiazbal.</nombre></articuloAcademico><articuloAcademico><id>f53006af-0984-47a9-a52b-b396444e511b</id><nombre>ACTIVIDAD ANTIOXIDANTE Y PROOXIDANTE DEL ACEITE ESENCIAL DE AJO POR RESONANCIA DE SPIN ELECTRÓNICA</nombre></articuloAcademico><articuloAcademico><id>e693f298-d8fb-4263-9feb-4fa880ed459d</id><nombre>Adherencia a la dieta mediterránea y su relación con la calidad del desayuno en estudiantes de la Universidad de Murcia</nombre></articuloAcademico><articuloAcademico><id /><nombre>INFLUENCE OF THE SELENIUM CONCENTRATION AND SELENIUM INTAKE OF INFANTS OF INGREDIENTS IN SPANISH HOMOGENISED</nombre></articuloAcademico><articuloAcademico><id /><nombre>Olor sexual en la carne de porcino castrado inmunológicamente. Necesidad de su evaluación sensorial ligada a los factores genéticos que determinan su percepción.</nombre></articuloAcademico><articuloAcademico><id /><nombre>Phytic acid content and in vitro iron, clacium and zinc bioavailability in bakery products: The effect of processing.</nombre></articuloAcademico><seccionLibro><id /><nombre>Eficacia del uso de los hisopos húmedos frente a los secos en la toma de muestras de las superficies de trabajo en una sala de despiece de porcino.</nombre></seccionLibro><seccionLibro><id>207cd72c-e47a-4aab-81bc-db1b32f53545</id><nombre>EVOLUTION OF DEXTRIN CONTENT IN INFANT CEREALS DURING PROCESSING</nombre></seccionLibro><articuloAcademico><id>f3986af0-0b30-45db-90ab-1febc99e4d83</id><nombre>Folatos: Vitamina emergente en la alimentación y la salud.</nombre></articuloAcademico><seccionLibro><id>19d779b2-105b-4432-9254-657dcb947390</id><nombre>DISTRIBUCIÓN Y CONTENIDO DE LICOPENO EN TOMATES</nombre></seccionLibro><seccionLibro><id>161a4d07-6f8e-4d68-aeb8-0cd44a88f36b</id><nombre>Utilidad de la evaluación sensorial de los alimentos en los comedores escolares en Murcia, España.</nombre></seccionLibro><articuloAcademico><id /><nombre>MONITORIZACION DE LA DUREZA DEL AGUA DE ESCALDADO DURANTE EL PROCESADO INDUSTRIAL DEL GUISANTE</nombre></articuloAcademico><articuloAcademico><id /><nombre>Encapsulation of folic acid in food hydrocolloids through nanospraydrying and electrospraying for nutraceutical applications.</nombre></articuloAcademico><seccionLibro><id>27f94b9d-753d-4c4c-8802-8ca210c9f7e7</id><nombre>Polysaccharides as Bioactive Components of Functional Food</nombre></seccionLibro><seccionLibro><id>1763b761-c424-472d-8a17-f6b667c39d87</id><nombre>Efecto del tratamiento térmico y de la homegeneización en el contenido de folatos en el puré de tomate</nombre></seccionLibro><seccionLibro><id /><nombre>Infant formula and polyamines</nombre></seccionLibro><seccionLibro><id /><nombre>Verificación del sistema APPCC en superficies de canales según DOCE L165/2001</nombre></seccionLibro><seccionLibro><id>54fd0c05-8ad4-4c11-8d54-9cccd5deb0c5</id><nombre>pescados y mariscos</nombre></seccionLibro><seccionLibro><id>46cd2937-3a87-4553-83ee-beee6f7610c6</id><nombre>CALIDAD Y COMPOSICIÓN NUTRITIVA DE HORTALIZAS, VERDURAS Y LEGUMBRES</nombre></seccionLibro><seccionLibro><id /><nombre>Grape Extracts: Antioxidant properties in Meat Products</nombre></seccionLibro><seccionLibro><id>54fc790a-ab14-4305-8512-a59817be94ce</id><nombre>Influence of food processing on vitamin content and availability.</nombre></seccionLibro><seccionLibro><id /><nombre>Lipid Peroxidation</nombre></seccionLibro><seccionLibro><id>96b5903e-b410-40e0-8536-853a022cd001</id><nombre>Variations in the content of hydroxicinnamic acid in Spanish tomatoes.</nombre></seccionLibro><seccionLibro><id /><nombre>Isomerización de carotenoides en vegetales. Efecto del tratamiento térmico</nombre></seccionLibro><seccionLibro><id>1a26ed6f-99d0-44e1-b452-cb4e91c04644</id><nombre>A Critical Perspective on Cell Lines Studies in Nutrition: The Case of Intestinal Absorption</nombre></seccionLibro><seccionLibro><id /><nombre>FOLATE BIOACCESSIBILITY FROM LIQUID AND SOLID FOOD PRODUCTS DURING PASSAGE THROUGN A DYNAMIC GASTROINTESTINAL MODEL</nombre></seccionLibro><seccionLibro><id>3be7960d-424d-4949-a620-43172f56912e</id><nombre>Transgenic Multivitamin Biofortified Corn: Science, Regulation, and Politics.</nombre></seccionLibro><seccionLibro><id>382b3e24-d374-4c29-85f1-0a973052fe07</id><nombre>Dietary fibre in infant cereals and their nutritional meaning  during weaning.</nombre></seccionLibro><seccionLibro><id /><nombre>CONTENIDO EN INOSITOLES FOSFATO DE PAPILLAS INFANTILES Y DE SUS MATERIAS PRIMAS:</nombre></seccionLibro><seccionLibro><id>76e318a5-a0be-49f0-bdaf-2d515413852a</id><nombre>EFFECT OF TRATMENT ON THE PROTEIN NUTRITIONAL VALUE OF INFANT CEREALS</nombre></seccionLibro><seccionLibro><id>631810d6-5b06-4d85-b033-f2ac6d2ce491</id><nombre>Efecto de la adición de alginatos a la alimentación de doradas sparaus aurata de acuicultura sobre su flora intestinal y sobre la calidad sensorial de la carne.</nombre></seccionLibro><seccionLibro><id /><nombre>CALIDAD Y COMPOSICIÓN NUTRITIVA DE LA CARNE, EL PESCADO Y EL MARISCO</nombre></seccionLibro><seccionLibro><id /><nombre>Starch digestibility and related compounds in infant cereals.</nombre></seccionLibro><seccionLibro><id>a04e54d8-e8a0-486b-9d86-df40bc4281af</id><nombre>PHENOLIC COMPOUNDS IN GAZPACHO AS A FUNCTION OF THEIR INGREDIENTS</nombre></seccionLibro><seccionLibro><id /><nombre>Flavonoids compositionand distribution in two apple variesties from Chihuahuna State.</nombre></seccionLibro><seccionLibro><id /><nombre>SCREENING POSSIBILITIES OF MURCIA IN VITRO MODEL MIM FOR FOLATE AVAILABILITY</nombre></seccionLibro><seccionLibro><id>7e55a8be-154f-4002-ae26-e0541c8a9509</id><nombre>Papel del licopeno en la prevención de las enfermedades cardiovasculares</nombre></seccionLibro><seccionLibro><id /><nombre>PROCESSING EFFECT ON FOLATES IN GREEN PEAS AND GAZPACHO</nombre></seccionLibro><seccionLibro><id /><nombre>SELENIUM BIOAVAILABILITY OF FISH BASED WEANING FOOD</nombre></seccionLibro><seccionLibro><id /><nombre>ACTIVIDAD ANTIOXIDANTE EN EL TOMATE Lycopersiocum esculentum DE ACUERDO A LA VARIEDAD Y MADUREZ</nombre></seccionLibro><seccionLibro><id /><nombre>Selenium availability adn protein digestibility in homogenised infant foods.</nombre></seccionLibro><seccionLibro><id /><nombre>Improvement of Ca and P contents and in  vitro availability in sole fish-based infant beikosts.</nombre></seccionLibro><seccionLibro><id /><nombre>Variations in the phenolic compounds in Gazpacho.</nombre></seccionLibro><seccionLibro><id /><nombre>ASSESSMENT OF THE ANTIPROLIFERATIVE ACTIVITY AND PREVENTION OF CELLULAR LIPID PEROXIDATION OF A PHENOLIC-RICH JUICE IN HEPG2 CELLS</nombre></seccionLibro><seccionLibro><id>df9880bb-1753-403d-9e34-d39c36169a0a</id><nombre>Efecto de la adición de alginato a la alimentación de dorada Sparus aurata de acuicultura sobre su calidad fisico-química y nutricional.</nombre></seccionLibro><libro><id>1bf63e26-d6d6-4f4f-8254-05c35e87a5ad</id><nombre>LIBRO HOMENAJE AL PROFESOR DOCTOR DON RODRIGO POZO LORA</nombre></libro><seccionLibro><id /><nombre>FUNCIONALIDAD DE UN NÉCTAR DE FRUTAS: DISPONIBILIDAD MINERAL Y ANÁLISIS SENSORIAL</nombre></seccionLibro><libro><id /><nombre>El Cerdo en la alimentación</nombre></libro><seccionLibro><id /><nombre>In vitro and in vivo bioavilability in rat of four different iron sources used to fortify dry infant cereals.</nombre></seccionLibro><seccionLibro><id /><nombre>Contenido de catequinas y actividad antioxidante total en extractos comerciales de té verde.</nombre></seccionLibro><seccionLibro><id /><nombre>Evidencias y potenciales usos de los hidratos de carbono para la alimentación y la salud humana.</nombre></seccionLibro><seccionLibro><id>cf82188b-8aa9-4db7-8f85-61ace8ace0b4</id><nombre>Relación entre los parámetros sensoriales e instrumentales en distintas marcas comerciales de dos tipos de productos cárnicos cocidos de cerdo.</nombre></seccionLibro><seccionLibro><id>d4315e23-2906-4984-9ae8-b0f008b6ac69</id><nombre>Evolución de compuestos bioactivos durante la maduración del tomate</nombre></seccionLibro><seccionLibro><id>f556773b-1e74-4b57-9a47-4731191b2c54</id><nombre>FUNDACIÓN DE LOS FOLATOS</nombre></seccionLibro><seccionLibro><id>fb8e16ad-786f-4044-bc1e-31e9800f485e</id><nombre>EFECT OF ENZYMATIC TREATMENT ON THE AMINO ACIDS PROFILES OF GREEN PEAS PISUM SATIVUM L.FLOUR</nombre></seccionLibro><libro><id /><nombre>Evaluación in vitro e in vivo de la fucionalidad de un producto rico en antioxidantes.</nombre></libro><seccionLibro><id /><nombre>COMPARACIÓN DE LA COMPOSICIÓN BROMATOLÓGICA DE LA LUBINA CULTIVADA Y LA LUBINA OBTENIDA MEDIANTE PESCA EXTRACTIVA Dicentrarchus labrax,L.</nombre></seccionLibro><libro><id /><nombre>BROMATOLOGIA E INSPECCIÓN VETERINARIA DE ALIMENTOS.</nombre></libro><libro><id>5c2b3c06-860d-4f2f-b054-d8ee6e5ba6ed</id><nombre>Características de la canal y calidad de la carne, composición mineral y lipídica del cerdo Chato Murciano y su cruce con Ibérico. Efecto del sistema de manejo.</nombre></libro><libro><id /><nombre>EL CERDO EN LA ALIMENTACIÓN: CALIDAD Y SEGURIDAD</nombre></libro><libro><id>7a1d129e-83f6-464f-b24e-6c1ea83d8f11</id><nombre>PRACTICAS DE BROMATOLOGÍA E INSPECCIÓN VETERINARIA DE ALIMNETOS</nombre></libro><libro><id /><nombre>Estabilidad de vitaminas, vida comercial y bioaccesibilidad de folatos-hierro en formulas infantiles de continuación y crecimiento.</nombre></libro><libro><id>fb622971-2fb8-4f20-bb18-7c6341f11283</id><nombre>Efecto de la adición de fitasa sobre la biodisponibilidad mineral in vitro en papillas infantiles.</nombre></libro></AutorCorrespondienteDe><participaEnActividad /></Persona>