﻿<?xml version="1.0" encoding="utf-8"?><Persona xmlns:xsi="http://www.w3.org/2001/XMLSchema-instance" xmlns:xsd="http://www.w3.org/2001/XMLSchema"><id>3a65f070-e09d-4a74-9b63-a4eeef338afa</id><nombre>JESUALDO TOMAS FERNANDEZ BREIS</nombre><AutorCorrespondienteDe><articuloAcademico><id /><nombre>OGO: an ontological approach for integrating knowledge about orthology.</nombre></articuloAcademico><articuloAcademico><id /><nombre>A Cooperative Framework for Integrating Ontologies</nombre></articuloAcademico><articuloAcademico><id /><nombre>Ontology learning from biomedical natural language documents using UMLS</nombre></articuloAcademico><articuloAcademico><id /><nombre>Informal learning through expertise mining in the social web</nombre></articuloAcademico><articuloAcademico><id /><nombre>Flexible Semantic Querying of Clinical Archetypes</nombre></articuloAcademico><articuloAcademico><id /><nombre>Prioritising lexical patterns for further axiomatisation by inspecting their localisation and modularity in biomedical ontologies</nombre></articuloAcademico><articuloAcademico><id /><nombre>A Quality Assurance Workflow for Ontologies based on Semantic Regularities</nombre></articuloAcademico><articuloAcademico><id>0f13a389-a827-4ba8-a428-faea44d00aab</id><nombre>An Hidden Markov Model-Based Transcription Factor Mining Method</nombre></articuloAcademico><articuloAcademico><id>0f35fdb0-fbf7-441f-bb7f-9f442a887e94</id><nombre>An ontology-based intelligent system for recruitment.</nombre></articuloAcademico><articuloAcademico><id>154d987d-f2bd-493c-842e-2042ef582231</id><nombre>A cooperative tool for facilitating Knowledge Management</nombre></articuloAcademico><articuloAcademico><id>1f866445-4684-4e32-9dc1-eb35ff242f6f</id><nombre>A methodology for extracting ontological knowledge from Spanish documents</nombre></articuloAcademico><articuloAcademico><id /><nombre>Towards Cooperative Frameworks for Modeling and Integrating Biological Processes Knowledge</nombre></articuloAcademico><articuloAcademico><id>28fb0dae-dd9d-45c9-aa89-2b408a18f98f</id><nombre>Diseño y desarrollo de exámenes a partir de herramientas de web semántica</nombre></articuloAcademico><articuloAcademico><id /><nombre>LinkEHR-Ed: A multi-reference model archetype editor based on formal semantics</nombre></articuloAcademico><articuloAcademico><id>2aec866d-655c-40df-b9e3-c9b4acfd6f0f</id><nombre>Translational research combining orthologous genes and human diseases with the OGOLOD dataset</nombre></articuloAcademico><articuloAcademico><id>2a7ca258-548a-4eec-be69-94d1dbef9f48</id><nombre>ResearchEHR: Use of semantic web technologies and archetypes for the description of EHRs</nombre></articuloAcademico><articuloAcademico><id /><nombre>A Semantic Query Interface for the OGO Platform</nombre></articuloAcademico><articuloAcademico><id /><nombre>Enriching the Gene Ontology via the Dissection of Labels using the Ontology Pre-Processor Language</nombre></articuloAcademico><articuloAcademico><id>30d4c253-409c-4d09-9639-4d9eaa26b91b</id><nombre>An extension of the OeLE platform for generating semantic feedback for students and teachers</nombre></articuloAcademico><articuloAcademico><id>30805799-e998-43ab-a46c-ae2371442035</id><nombre>Cooperative Modelling Evaluated</nombre></articuloAcademico><articuloAcademico><id /><nombre>Using Semantic Technologies to Support Evaluation Processes in E-Learning</nombre></articuloAcademico><articuloAcademico><id>3cbd2969-6e13-453d-be01-bf76c431fc47</id><nombre>Using Semantic Web Technologies for the Assessment of Open Questions</nombre></articuloAcademico><articuloAcademico><id>3b928ae3-029d-4281-b609-04f651c41d29</id><nombre>A Semantic Web based Framework for the Interoperability and Exploitation of Clinical Models and EHR Data</nombre></articuloAcademico><articuloAcademico><id /><nombre>Combining Semantic Web technologies with Multi-Agent Systems for integrated access to biological resources</nombre></articuloAcademico><articuloAcademico><id>4121f174-ae24-4ad4-96bf-49c0c2ab03bc</id><nombre>Validation of the openEHR Archetype Library by using OWL Reasoning</nombre></articuloAcademico><articuloAcademico><id /><nombre>Semantic enrichment of SCORM metadata for efficient management of educative contents</nombre></articuloAcademico><articuloAcademico><id>4637f9df-db8d-403d-993a-46054a37c49d</id><nombre>An application of intelligent techniques and semantic web technologies in e-learning environments</nombre></articuloAcademico><articuloAcademico><id /><nombre>OWLPath: an OWL ontology-guided query editor</nombre></articuloAcademico><articuloAcademico><id /><nombre>Ontology patterns-based transformation of clinical information</nombre></articuloAcademico><articuloAcademico><id /><nombre>Evaluation of the OQuaRE framework for ontology quality</nombre></articuloAcademico><articuloAcademico><id>48e84b3a-6a31-4d11-874f-9cb93ae4b618</id><nombre>Clinical Data Interoperability based on Archetype Transformation</nombre></articuloAcademico><articuloAcademico><id /><nombre>A Generative tool for building health applications driven by ISO 13606 archetypes</nombre></articuloAcademico><articuloAcademico><id /><nombre>SocialBROKER: A collaborative social space for gathering semantically-enhanced financial information</nombre></articuloAcademico><articuloAcademico><id /><nombre>Visual Knowledge Annotation and Management by Using Qualitative Spatial Information</nombre></articuloAcademico><articuloAcademico><id>5c41d508-6d6f-40d0-890e-e6adddab9458</id><nombre>A Social-Empowered Platform for Gathering Semantic Information</nombre></articuloAcademico><articuloAcademico><id>5a1a69e6-440d-4515-b687-aebd45197081</id><nombre>An incremental approach for discovering medical knowledge from texts</nombre></articuloAcademico><articuloAcademico><id>6031ed77-cafd-48e8-975f-3bbf5c6aac67</id><nombre>A context-driven approach for knowledge acquisition: application to a leukemia domain</nombre></articuloAcademico><articuloAcademico><id>6aa48a83-93ea-4f38-a3b9-fc37f1caed25</id><nombre>Towards the semantic standardization of orthology content</nombre></articuloAcademico><articuloAcademico><id /><nombre>Evaluating the Good Ontology Design guideline (GoodOD) with the Ontology Quality Requirements and Evaluation method and metrics (OQuaRE).</nombre></articuloAcademico><articuloAcademico><id /><nombre>Semantic Web Technologies for Generating Feedback in Online Assessment Environments</nombre></articuloAcademico><articuloAcademico><id /><nombre>Knowledge Technologies-Based Multi-Agent System for Semantic Web Services Environments</nombre></articuloAcademico><articuloAcademico><id /><nombre>A semantic platform for the management of the educative curriculum</nombre></articuloAcademico><articuloAcademico><id /><nombre>Measuring individual learning performance in group work from a knowledge integration perspective</nombre></articuloAcademico><articuloAcademico><id>73d93693-b2be-4dea-8d75-c0b8c7293264</id><nombre>An Approach for the Semantic Interoperability of ISO 13606 and OpenEHR archetypes</nombre></articuloAcademico><articuloAcademico><id>77459575-7974-4db4-a6b3-574d2b2e39a5</id><nombre>OQuaRE: a SQuaRE-based approach for evaluating the quality of ontologies</nombre></articuloAcademico><articuloAcademico><id /><nombre>Exploitation of Translational Bioinformatics for Decision-Making on Cancer Treatments</nombre></articuloAcademico><articuloAcademico><id>7f215642-80ce-481b-acd4-c526da9b5dbb</id><nombre>Practical experiences for the development of educational systems in the semantic web</nombre></articuloAcademico><articuloAcademico><id /><nombre>Recommendation of personalized learning contents supported by semantic web technologies</nombre></articuloAcademico><articuloAcademico><id>821a5d3d-24b3-4d7c-b8df-92a5ded8d2bc</id><nombre>Lessons learned in the generation of biomedical research datasets using Semantic Open Data technologies</nombre></articuloAcademico><articuloAcademico><id /><nombre>Transformation of Standardized Clinical Models based on OWL technologies: from CEM to OpenEHR archetypes</nombre></articuloAcademico><articuloAcademico><id /><nombre>Angel: Towards a multilevel method for the analysis of variants in individual genomes</nombre></articuloAcademico><articuloAcademico><id /><nombre>Exploitation of Social Semantic Technology for Software Development Team Configuration</nombre></articuloAcademico><articuloAcademico><id>939f56ad-2d62-4ed2-ac59-03a8e78ce5ed</id><nombre>An incremental knowledge acquisition-based system for critical domains</nombre></articuloAcademico><articuloAcademico><id>a01e9381-702d-491b-815f-c34b23c1e168</id><nombre>Lexical Characterisation of Bio-ontologies by the Inspection of Regularities in Labels</nombre></articuloAcademico><articuloAcademico><id>9c425a7e-2d3b-4fbc-aac5-0d73b90632d7</id><nombre>Using the ResearchEHR platform to facilitate the practical application of the EHR standards</nombre></articuloAcademico><articuloAcademico><id /><nombre>The Orthology Ontology: development and applications</nombre></articuloAcademico><articuloAcademico><id /><nombre>An Ontological Infrastructure for the Semantic Integration of Clinical Archetypes</nombre></articuloAcademico><articuloAcademico><id>ac285751-eba2-4e09-a055-69da056b14c3</id><nombre>An approach for incremental knowledge acquisition from text</nombre></articuloAcademico><articuloAcademico><id>a2103c2f-b6f7-4b7d-9ca1-464ee1c35013</id><nombre>An incremental knowledge acquisition-based system for supporting decisions in biomedical domains</nombre></articuloAcademico><articuloAcademico><id /><nombre>Modelling Reusable Security Requirements based on an Ontology Framework</nombre></articuloAcademico><articuloAcademico><id>a46760a4-6e9e-4756-b57e-3901a3506bae</id><nombre>Enabling Intelligent Service Discovery with GGODO</nombre></articuloAcademico><articuloAcademico><id>acc94ece-b978-4879-82db-0e870cad7483</id><nombre>Publishing biomedical predication repository about MeSH co-occurrences in MEDLINE</nombre></articuloAcademico><articuloAcademico><id /><nombre>Supporting the analysis of ontology evolution processes through the combination of static and dynamic scaling functions in OQuaRE</nombre></articuloAcademico><articuloAcademico><id /><nombre>Ontology-driven Method for Integrating Biomedical Repositories</nombre></articuloAcademico><articuloAcademico><id /><nombre>Approaching the axiomatic enrichment of the Gene Ontology from a lexical perspective</nombre></articuloAcademico><articuloAcademico><id>b50a5d4a-1605-4616-bf6e-79e5d8a405a9</id><nombre>Publishing Orthology and Diseases Information in the Linked Open Data cloud</nombre></articuloAcademico><articuloAcademico><id /><nombre>Recommendation of Standardized Health Learning Contents using Archetypes and Semantic Web Technologies</nombre></articuloAcademico><articuloAcademico><id /><nombre>A knowledge acquisition methodology to ontology construction for information retrieval from medical documents</nombre></articuloAcademico><articuloAcademico><id /><nombre>Suggesting missing relations in biomedical ontologies based on lexical regularities</nombre></articuloAcademico><articuloAcademico><id /><nombre>Big Data and Other Challenges in the Quest for Orthologs</nombre></articuloAcademico><articuloAcademico><id /><nombre>Ontological Knowledge Capture From Databases</nombre></articuloAcademico><articuloAcademico><id /><nombre>Semantic Web Technologies for Supporting Learning Assessment</nombre></articuloAcademico><articuloAcademico><id>cd1e63a0-b7ab-488c-98b4-e44fa5edbd43</id><nombre>Lexical characterization and analysis of the BioPortal ontologies</nombre></articuloAcademico><articuloAcademico><id /><nombre>Generation of Open Biomedical Datasets through Ontology-Driven Transformation and Integration Processes</nombre></articuloAcademico><articuloAcademico><id /><nombre>Linking Genome Annotation Projects with Genetic Disorders using Ontologies</nombre></articuloAcademico><articuloAcademico><id /><nombre>Financial news semantic search engine</nombre></articuloAcademico><articuloAcademico><id>d5cc1e42-94ba-40ac-a89f-06c3ef9e9146</id><nombre>An Approach for Acquiring Structured Knowledge from Text</nombre></articuloAcademico><articuloAcademico><id>cc35bad4-7b30-4881-a3d8-7e53a5a027a3</id><nombre>A knowledge-based approach to assign breast cancer treatments in oncology units</nombre></articuloAcademico><articuloAcademico><id>e56e8bd3-33fa-44ba-8931-d62abae7f08b</id><nombre>Accessing Touristic Knowledge Bases through a Natural Language Interface</nombre></articuloAcademico><articuloAcademico><id /><nombre>Leveraging electronic healthcare record standards and semantic web technologies for the identi&amp;#9251cation of patient cohorts</nombre></articuloAcademico><articuloAcademico><id /><nombre>A model-driven approach for representing clinical archetypes for Semantic Web environments</nombre></articuloAcademico><articuloAcademico><id /><nombre>AN ONTOLOGY-BASED APPROACH TO KNOWLEDGE ACQUISITON FROM TEXT</nombre></articuloAcademico><articuloAcademico><id>d7897ff0-3891-48d2-bbe1-2766df02c099</id><nombre>Tecnologías semánticas para la evaluación en red: análisis de una experiencia con la herramienta OeLE</nombre></articuloAcademico><articuloAcademico><id /><nombre>Semantic Web-based system for managing the educative curriculum</nombre></articuloAcademico><articuloAcademico><id /><nombre>An Ontological Framework for Representing and Exploiting Medical Knowledge</nombre></articuloAcademico><articuloAcademico><id /><nombre>OPPL-Galaxy, a Galaxy tool for enhancing ontology exploitation as part of bioinformatics workflows</nombre></articuloAcademico><articuloAcademico><id>eb0aeaa0-169e-4156-98d3-c36f4202aa95</id><nombre>OWL-based Reasoning Methods for Validating Archetypes</nombre></articuloAcademico><articuloAcademico><id /><nombre>An Approach for Ontology Building from Text Supported by NLP Techniques</nombre></articuloAcademico><articuloAcademico><id>e2537fcc-cabe-4ea6-a3f0-3549f91ad3e2</id><nombre>Analysis of the evolution of ontologies using OQuaRE: application to EDAM</nombre></articuloAcademico><seccionLibro><id /><nombre>Interoperability of EHR Systems Based on Semantic Representation and Transformation Models</nombre></seccionLibro><articuloAcademico><id /><nombre>OntoEnrich: A Platform for the Lexical Analysis of Ontologies</nombre></articuloAcademico><articuloAcademico><id /><nombre>Semantic integration of information about orthologs and diseases: The OGO system</nombre></articuloAcademico><seccionLibro><id /><nombre>Technologies and best practices for building bio-ontologies</nombre></seccionLibro><seccionLibro><id>e15235f4-9554-42c1-a163-30399c59f77e</id><nombre>Towards UNE-EN 13606 and OpenEHR Archetype-based semantic interoperability</nombre></seccionLibro><seccionLibro><id /><nombre>Semantic Web technologies for managing EHR-related clinical knowledge</nombre></seccionLibro><seccionLibro><id>235325ef-649b-4213-b4ba-718376ee75af</id><nombre>A WEB-BASED FRAMEWORK FOR INTEGRATING KNOWLEDGE</nombre></seccionLibro><articuloAcademico><id>fa13a825-7644-4777-b859-a3eaf596f352</id><nombre>An ontology, intelligent agent-based framework for the provision of semantic web services</nombre></articuloAcademico><libro><id>1f6d5b4d-d737-4062-8b49-01aca8f3d737</id><nombre>Un entorno de integración de ontologías para el desarrollo de sistemas de gestión del conocimiento</nombre></libro><seccionLibro><id>fd5840a1-2dea-4c4f-80f8-7b734901c841</id><nombre>El Desarrollo de Memorias Corporativas</nombre></seccionLibro><libro><id>e0d5d7b8-9e92-4056-9134-2e8e77b7df44</id><nombre>Sistemas Telemáticos de Orientación, Asesoramiento y Recursos para el Alumnado en Educación Superior</nombre></libro><seccionLibro><id /><nombre>La anotación semántica para la consulta de ontologías en lenguaje natural</nombre></seccionLibro><libro><id>6e24b5c1-8b79-4b55-9fe0-b74c0e9b0ef9</id><nombre>Evaluación en e-learning basada en tecnologías de la web semántica y el procesamiento del lenguaje natural</nombre></libro></AutorCorrespondienteDe><participaEnActividad /></Persona>