﻿<?xml version="1.0" encoding="utf-8"?><Persona xmlns:xsi="http://www.w3.org/2001/XMLSchema-instance" xmlns:xsd="http://www.w3.org/2001/XMLSchema"><id>3ea5a5c4-94ad-4dc7-838e-01de78f25ee8</id><nombre>MARIA SENENA CORBALAN GARCIA</nombre><AutorCorrespondienteDe><articuloAcademico><id /><nombre>The C2 domains of classical and novel PKCs as versatile decoders of membrane signals</nombre></articuloAcademico><articuloAcademico><id>0b3aae7a-09aa-4ddb-a2ae-9c56fd373423</id><nombre>C2 DOMAIN OF PROTEIN KINASE CALPHA: ELUCIDATION OF THE MEMBRANE DOCKING SURFACE BY SITE-DIRECTED FLUORESCENCE AND SPIN LABELING.</nombre></articuloAcademico><articuloAcademico><id /><nombre>Regulation of Sos activity by intramolecular interactions</nombre></articuloAcademico><articuloAcademico><id>1fd212e4-b832-4e72-ae13-07b81c06972b</id><nombre>THE SIMULTANEOUS PRODUCTION OF PTDOH AND DAG IS ESSENTIAL FOR THE TRANSLOCATION OF PKCÉPSILON TO THE PLASMA MEMBRANE IN RBL-2H3 CELLS</nombre></articuloAcademico><articuloAcademico><id>0dd6a282-96fe-4b6a-b5db-cdeec42c1eaf</id><nombre>STRUCTURAL STUDY OF THE C2 DOMAINS OF THE CLASSICAL PKC ISOENZYMES USING INFRARED SPECTROSCOPY AND TWO-DIMENSIONAL INFRARED CORRELATION SPECTROSCOPY</nombre></articuloAcademico><articuloAcademico><id>163b363c-bb9c-4251-9b66-83d23b86499d</id><nombre>Phosphatidylinositol4,5-bisphosphate binds to PKC alpha and prolongs its localization at the plasma membrane of living cells</nombre></articuloAcademico><articuloAcademico><id /><nombre>A comparison of the membrane binding properties of C1B domains of PKCgamma, PKCdelta, and PKCepsilon.</nombre></articuloAcademico><articuloAcademico><id>24078644-28e5-4227-b370-5277348f3166</id><nombre>ROLE OF THE CA2/PHOSPHATIDYLSERINE-BINDING REGION OF THE C2 DOMAIN IN THE TRANSLOCATION OF PROTEIN KINASE CALPHA TO THE PLASMA MEMBRANE.</nombre></articuloAcademico><articuloAcademico><id>2f94ba59-cafa-463f-af1c-ad2b42429ad9</id><nombre>PIP2 enhances anionic lipid demixing by the C2 domain of PKCalpha.</nombre></articuloAcademico><articuloAcademico><id /><nombre>ROLE OF THE LYSINE-RICH CLUSTER OF THE C2 DOMAIN IN THE PHOSPHATIDYLSERINE-DEPENDENT ACTIVATION OF PKCalpha</nombre></articuloAcademico><articuloAcademico><id>30db0f10-bd53-49d4-ba5d-647de34092e3</id><nombre>Membrane-Surface Anchoring of Charged Diacylglycerol-Lactones Correlates with Biological Activities</nombre></articuloAcademico><articuloAcademico><id /><nombre>The role of the PH domain in the signal-dependent membrane targeting of Sos.</nombre></articuloAcademico><articuloAcademico><id>37a923e6-29f2-438a-9ec9-892ba83561df</id><nombre>CALORIMETRIC STUDY OF THE INTERACTION OF THE C2 DOMAINS OF CLASSICAL PROTEIN KINASE C ISOENZYMES WITH CA2 AND PHOSPHOLIPIDS</nombre></articuloAcademico><articuloAcademico><id /><nombre>IDENTIFICATION OF THE PHOSPHATIDYLSERINE BINDING SITE IN THE C2 DOMAIN THAT IS IMPORTANT FOR PKC-ALFA ACTIVATION AND IN VIVO CELL LOCALIZATION</nombre></articuloAcademico><articuloAcademico><id>4247544d-4c4e-406c-9d5e-4d52a8620ce6</id><nombre>Curcumin disorders 1,2-dipalmitoil-sn-glycero-3-phosphocholine membranes and favors the formation of nonlamellar structures by 1,2-dielaidoyl-sn-glycero-3-phosphoethanolamine.</nombre></articuloAcademico><articuloAcademico><id>40c26308-bd8a-4c53-b5e6-c9ad9fb2bc4d</id><nombre>The interaction of the Bax C-terminal domain with negatively charged lipids modifies the secondary structure and changes its way of insertion into membranes</nombre></articuloAcademico><articuloAcademico><id /><nombre>Edelfosine is incorporated into rafts and alters their organization</nombre></articuloAcademico><articuloAcademico><id>4406ee78-e2af-45e1-84f9-476a42e31c7c</id><nombre>Membrane docking mode of the C2 domain of PKCepsilon: an infrared spectroscopy and FRET study.</nombre></articuloAcademico><articuloAcademico><id>49b4f79e-91b9-4b9a-bd9f-e96f7b4f4be3</id><nombre>Location of N-cyclohexyl-N'-4-dimethyl-amino-a-naphthyl carbodiimide-binding site in sarcoplasmic reticulum Ca2-transporting ATPase</nombre></articuloAcademico><articuloAcademico><id>4b6b39e8-cf9c-457d-9f15-73f03222d5c5</id><nombre>PROTEIN-KINASE-C TRANSFORM INFRARED-SPECTROSCOPY DEUTERIUM MAGNETIC-RESONANCE HEXAGONAL PHASE-TRANSITION X-RAY-DIFFRACTION BIOLOGICAL-ACTIVITIES LIPID INTERACTIONS NMR-SPECTRA H-2 NMR PHOSPHATIDYLCHOLINE</nombre></articuloAcademico><articuloAcademico><id>4e56bc27-6d2f-4398-94ea-8c860e676b11</id><nombre>Redox state of coenzyme Q10 determines its membrane localization</nombre></articuloAcademico><articuloAcademico><id>51697779-fff0-4721-8429-6f4cf4ff16f2</id><nombre>STRUCTURAL CHARACTERIZATION OF THE C2 DOMAIN OF NOVEL PROTEIN KINASE C a</nombre></articuloAcademico><articuloAcademico><id /><nombre>"Ca2 bridges the C2 membrane-binding domain of protein kinase C-alfa directly to phosphatidylserine"</nombre></articuloAcademico><articuloAcademico><id>52bc1e45-b70d-4a9e-9827-3636418c6447</id><nombre>Retinoic acid as a modulator of the activity of Protein Kinase Calpha.</nombre></articuloAcademico><articuloAcademico><id>588795c2-50c3-4a87-856e-a90e044e1769</id><nombre>Diacylglycerols, multivalent membrane modulators.</nombre></articuloAcademico><articuloAcademico><id>62ff1e06-a594-472c-9993-daf6afaeef70</id><nombre>Interaction of the C2 domain from protein kinase Cepsilon with model membranes.</nombre></articuloAcademico><articuloAcademico><id>65b4f04d-aea7-40e5-890e-67df4eb2fecf</id><nombre>The interaction of the Bax C-terminal domain with membranes is influenced by the presence of negatively charged phospholipids.</nombre></articuloAcademico><articuloAcademico><id>6687302e-9eff-4e8c-a12b-b88411e6bb3f</id><nombre>The structure of the C-terminal domain of the pro-apoptotic protein Bak and its interaction with model membranes.</nombre></articuloAcademico><articuloAcademico><id>689090a9-ed54-469d-99ff-e27041e6cc34</id><nombre>Structural study of the catalytic domain of PKCzeta using infrared spectroscopy and two- dimensional infrared correlation spectroscopy.</nombre></articuloAcademico><articuloAcademico><id>6870084e-b56b-418c-898b-33e01ae2308b</id><nombre>Determination of the calcium binding sites of the C2 domain of protein kinase C alpha that are critical for its translocation to the plasma membrane"</nombre></articuloAcademico><articuloAcademico><id>773e8286-b757-42e4-8fa5-eaa8c95b37cb</id><nombre>The Ptdins4,5P-2 ligand itself influences the localization of PKC alpha in the plasma membrane of intact living cells</nombre></articuloAcademico><articuloAcademico><id /><nombre>DIACYLGLYCEROLS AS ACTIVATORS OF PROTEIN KINASE C</nombre></articuloAcademico><articuloAcademico><id /><nombre>INVOLVEMENT OF AN ARGINYL RESIDUE IN THE NUCLEOTIDE-BINDING SITE OF CA2 -ATPASE FROM SARCOPLASMIC RETICULUM AS SEEN BY REACTION WITH PHENYLGLYOXAL</nombre></articuloAcademico><articuloAcademico><id>77747202-eefd-4495-ba72-5558de728f15</id><nombre>Modulation of membrane orientation and secondary structure of the C-terminal domains of Bak and Bcl-2 by lipids</nombre></articuloAcademico><articuloAcademico><id>8071d5c5-6b8f-471c-a420-2f9811cfdf29</id><nombre>A comparative study of the effect of the antineoplastic ether lipid 1-O-octadecyl-2-O-methyl-glycero-3-phosphocholine and some homologue compounds on PKCalpha and PKCepsilon.</nombre></articuloAcademico><articuloAcademico><id /><nombre>IDENTIFICATION OF THE MITOGEN-ACTIVATED PROTEIN KINASE PHOSPHORYLATION SITES ON HUMAN SOS1 THAT REGULATE INTERACTION WITH GRB2</nombre></articuloAcademico><articuloAcademico><id /><nombre>RETINOIC ACID BINDS TO THE C2 DOMAIN OF PROTEIN KINASE CALPHA.</nombre></articuloAcademico><articuloAcademico><id>6aadfad8-0d31-4c82-b2bd-4af5f4e24ca1</id><nombre>Structural and mechanistic insights into the association of PKCalpha-C2 domain to PtdIns4,5P2.</nombre></articuloAcademico><articuloAcademico><id /><nombre>CHARACTERIZATION OF THE MEMBRANE BINDING MODE OF THE C2 DOMAIN OF PKCÉPSILON.</nombre></articuloAcademico><articuloAcademico><id /><nombre>AN INFRARED SPECTROSCOPIC STUDY OF THE SECONDARY STRUCTURE OF PROTEIN KINASE C ALPHA AND ITS THERMAL DENATURATION</nombre></articuloAcademico><articuloAcademico><id>8d1e60dc-11a9-4933-a2c1-4972df19d2e6</id><nombre>"Effect of calcium and phosphatidic acid binding on C2 domain of PKC as studied by Fourier transform Infrared Spectroscopy".</nombre></articuloAcademico><articuloAcademico><id>89d5443e-db54-48c4-b064-ca9e3f1ccb2a</id><nombre>Molecular Mechanisms of PKC&amp;#945 localization and Activation by Arachidonic Acid. The C2 Domain also Plays a Role.</nombre></articuloAcademico><articuloAcademico><id>a6ad1565-75d0-4e80-add8-f707f03b5b5d</id><nombre>INTRAMOLECULAR DISTANCES WITHIN THE Ca2-ATPase FROM SARCOPLASMIC RETICULUM AS ESTIMATED THROUGH FLUORESCENCE ENERGY TRANSFER BETWE EN PROBES</nombre></articuloAcademico><articuloAcademico><id /><nombre>Protein kinase C regulatory domains: the art of decoding many different signals in membranes.</nombre></articuloAcademico><articuloAcademico><id>a1441a5a-4ef4-4d60-9203-9a12ab5a95aa</id><nombre>Signaling through C2 domains: more than one lipid target.</nombre></articuloAcademico><articuloAcademico><id>9fbec13a-acdf-4498-a9cf-bc9839ba7530</id><nombre>Structural insights into the Ca2 and PIP2 binding modes of the C2 domains of rabphilin 3A and synaptotagmin1.</nombre></articuloAcademico><articuloAcademico><id>ac79e5e1-39cc-42d4-9a24-f644228b78a7</id><nombre>Capsaicin Fluidifies the Membrane and Localizes Itself near the Lipid-Water Interface.</nombre></articuloAcademico><articuloAcademico><id /><nombre>CONFORMATION OF THE C-TERMINAL DOMAIN OF THE PRO-APOPTOTIC PROTEIN BAX AND MUTANTS AND ITS INTERACTION WITH MEMBRANES</nombre></articuloAcademico><articuloAcademico><id /><nombre>Additional binding sites for anionic phospholipids and calcium ions in the crystal structures of complexes of the C2 domain of protein kinase C alpha</nombre></articuloAcademico><articuloAcademico><id /><nombre>STRUCTURE OF THE C2 DOMAIN FROM NOVEL PROTEIN KINASE C-EPSILON. A MEMBRANE BINDING MODEL FOR CA 2 -INDEPENDENT C2 DOMAINS</nombre></articuloAcademico><articuloAcademico><id /><nombre>INTERACTION OF RUTHENIUM RED WITH THE CALCIUM BINDING SITES OF SARCOPLASMIC RETICULUM CA2-ATPASE</nombre></articuloAcademico><articuloAcademico><id>bef8343b-3d60-4ea8-adee-39f40a8bb85e</id><nombre>ATP enhances neuronal differentiation of PC12 cells by activating PKCalpha interactions with cytoskeletal proteins</nombre></articuloAcademico><articuloAcademico><id>84eea8f3-0e30-4f4c-bcc3-e5c0a0bc4536</id><nombre>CORRELATION BETWEEN THE EFFECT OF THE ANTINEOPLASTIC ETHER LIPID 1-O-OCTADECYL-2-O-METHYL-GLYCERO-3-PHOSPHOCHOLINE ON THE MEMBRANE AND THE ACTIVITY OF PROTEIN KINASE C</nombre></articuloAcademico><articuloAcademico><id /><nombre>The membrane binding kinetics of full-length PKCalpha is determined by membrane lipid composition.</nombre></articuloAcademico><articuloAcademico><id /><nombre>The C1B domains of novel PKCepsilon and etha have a higher membrane binding affinity than those of the also novel PKCdelta and tetha.</nombre></articuloAcademico><articuloAcademico><id>b58506e2-8f8a-466c-a45c-087bf3855e8c</id><nombre>The solution structure of the pleckstrin homology domain of human SOS1. A possible structural role for the sequential association of diffusion and pleckstrin homology domains</nombre></articuloAcademico><articuloAcademico><id /><nombre>PIP2 decreases the concentration of calcium, phosphatidylserine and diacylglycerol required for PKCalpha to reach maximum activity.</nombre></articuloAcademico><articuloAcademico><id>cf472087-56a0-4733-8943-e5fdd65ffd8b</id><nombre>STRUCTURAL CHARACTERIZATION OF THE C2 DOMAINS OF CLASSICAL ISOZYMES OF PROTEIN KINASE C AND NOVEL PROTEIN KINASE CEPSILON BY USING INFRARED SPECTROSCOPY</nombre></articuloAcademico><articuloAcademico><id /><nombre>The C2 domains of classical PKCs are specific PtdIns4,5P2-sensing domains with different affinities for membrane binding.</nombre></articuloAcademico><articuloAcademico><id /><nombre>STUDY OF THE SECONDARY STRUCTURE OF THE C-TERMINAL DOMAIN OF THE ANTIAPOPTOTIC PROTEIN Bcl-2 AND ITS INTERACTION WITH MODEL MEMBRANES</nombre></articuloAcademico><articuloAcademico><id>c3e77c1b-a3c6-4796-8ffc-2ec1282ef076</id><nombre>The PKC alpha-Plectin interaction controls the cytoskeleton assembly in PC12 cells differentiated with NGF and ATP</nombre></articuloAcademico><articuloAcademico><id>c5a4b271-49c2-469b-b2bb-835deba773ba</id><nombre>The C2 domains of classical/conventional PKCs are specific PtdIns4,5P2-sensing domains.</nombre></articuloAcademico><articuloAcademico><id /><nombre>Curcumin modulates PKCalpha activity by a membrane-dependent effect</nombre></articuloAcademico><articuloAcademico><id>cca1b7e8-36c0-488c-985f-b955fcaf925f</id><nombre>ACTIVATION OF PROTEIN QUINASE C BY LIPID MIXTURES CONTAINING DIFFERENT PROPORTIONS OF DIACYLGLYCEROLS</nombre></articuloAcademico><articuloAcademico><id /><nombre>Membrane docking of the C2 domain from protein kinase Calpha as seen by polarized ATR-IR. The role of PIP2.</nombre></articuloAcademico><articuloAcademico><id /><nombre>"A comparative study of the activation of protein kinase C alpha by different diacylglycerol isomers"</nombre></articuloAcademico><articuloAcademico><id>f67ef58d-c0a0-4dd1-b0aa-7399be3c20c6</id><nombre>A NEW PHOSPHATIDYLINOSITOL 4,5-BISPHOSPHATE BINDING SITE LOCATED IN THE C2 DOMAIN OF PROTEIN KINASE C ALPHA"</nombre></articuloAcademico><articuloAcademico><id>e517bfdf-9b3b-4519-b6a0-94d0ed419aab</id><nombre>Interaction of the C-terminal domain of Bcl-2 family proteins with model membranes.</nombre></articuloAcademico><articuloAcademico><id>e0c0cf0e-4f9e-4e67-81b6-914848b0bc4e</id><nombre>Effects of the anti-neoplastic agent ET-18-OCH3 and some analogs on the biophysical properties of model membranes.</nombre></articuloAcademico><articuloAcademico><id /><nombre>C2 domains of protein kinase C isoforms alpha, beta and gamma. Activation parameters and calcium stoichiometries of the membrane-bound state</nombre></articuloAcademico><articuloAcademico><id /><nombre>The ATP-dependent membrane localization of protein kinase C alpha is regulated by Ca 2 influx and phosphatidylinositol 4,5-bisphosphate in differentiated PC12 cells.</nombre></articuloAcademico><articuloAcademico><id>f8e6394a-6beb-460f-8035-6ff594733701</id><nombre>The C2 domain of PKCalpha is a Ca2 -dependent PtdIns 4,5P2 sensing domain: a new insight into an old pathaway.</nombre></articuloAcademico><articuloAcademico><id /><nombre>EXTENSIVE PROTEOLYTIC DIGESTION OF THE CA2  MG 2-ATPASE FROM SARCOPLASMIC RETICULUM LEADS TO A HIGHLY HYDROPHOBIC PROTEINACEOUS RESIDUE WITH A MAINLY Ó-HELICAL STRUCTURE</nombre></articuloAcademico><articuloAcademico><id>ff229ef6-0452-4b21-bd8e-271109ea82bd</id><nombre>INSULIN-INDUCED DISSOCIATION OF SOS FROM GRB2 DOES NOT CONTRIBUTE TO THE DOWN REGULATION OF RAS ACTIVATION</nombre></articuloAcademico><articuloAcademico><id>f936b857-a8a6-4cff-a03b-4a3eb2d245d9</id><nombre>STRUCTURAL ASPECTS OF THE CA2ATPASE FROM SARCOPLASMIC RETICULUM</nombre></articuloAcademico><seccionLibro><id>b95b12dc-9ea6-4be8-9207-989777efde31</id><nombre>Membrane binding C2-like domains</nombre></seccionLibro></AutorCorrespondienteDe><participaEnActividad /></Persona>