﻿<?xml version="1.0" encoding="utf-8"?><Persona xmlns:xsi="http://www.w3.org/2001/XMLSchema-instance" xmlns:xsd="http://www.w3.org/2001/XMLSchema"><id>7440fdef-76ed-4206-81a1-695dca686a9a</id><nombre>JUAN ANTONIO BOTIA BLAYA</nombre><AutorCorrespondienteDe><articuloAcademico><id>0cf6d180-3056-4eaf-a71c-16b52d2f80d7</id><nombre>Ubik: a multi-agent based simulator for ubiquitous  computing applications</nombre></articuloAcademico><articuloAcademico><id /><nombre>Intelligent Data Analysis applied to Debug Complex Software Systems</nombre></articuloAcademico><articuloAcademico><id /><nombre>Detecting Domestic Problems of Elderly People: Simple and Unobstrusive Sensors to Generate the Context of the Attended</nombre></articuloAcademico><articuloAcademico><id>285a6186-685d-4a83-9a4e-85e822af4b83</id><nombre>Implementation and Evaluation of a Location-Aware Wireless Multi-agent System</nombre></articuloAcademico><articuloAcademico><id /><nombre>Providing QoS Through Machine-Learning-Driven Adaptive Multimedia Applications</nombre></articuloAcademico><articuloAcademico><id /><nombre>Ontology Based Approach to the Detection of Domestics Problems for Independent Senior People</nombre></articuloAcademico><articuloAcademico><id /><nombre>On the Behaviour of the TRSIM Model for Trust and Reputation</nombre></articuloAcademico><articuloAcademico><id /><nombre>METALA: a Distributed System for Web Usage Mining</nombre></articuloAcademico><articuloAcademico><id /><nombre>On the Application of the Semantic Web Rule Language in the Definition of Policies for System Security Management</nombre></articuloAcademico><articuloAcademico><id /><nombre>CREATING CONTEXT-AWARE COLLABORATIVE WORKING ENVIRONMENTS</nombre></articuloAcademico><articuloAcademico><id>5dbc0fa1-3e53-4d18-a615-545aaeae86f2</id><nombre>POPEYE: providing collaborative services for ad hoc and spontaneous communities</nombre></articuloAcademico><articuloAcademico><id>6613db0d-dd6f-439b-839b-0c7d2ea8b008</id><nombre>A Trust and Reputation Model as Adaptive Mechanism for Multi-Agent Systems</nombre></articuloAcademico><articuloAcademico><id>6c7b9f2d-a725-4354-b264-e9c02a1e43e4</id><nombre>Using Semantic Causality Graphs to Validate MAS Models</nombre></articuloAcademico><articuloAcademico><id /><nombre>DISTRIBUTED PROVISION AND MANAGEMENT OF SECURITY SERVICES IN GLOBUS TOOLKIT 4</nombre></articuloAcademico><articuloAcademico><id /><nombre>A Formal Model of Persuasion Dialogs for Interactions among Argumentative Software Agents</nombre></articuloAcademico><articuloAcademico><id /><nombre>Towards semantic web-based management of security services</nombre></articuloAcademico><articuloAcademico><id>976821e0-e7a7-4690-a0c9-fd6ba576a50c</id><nombre>Towards an Approach for Debugging MAS Through the Analysis of ACL Messages</nombre></articuloAcademico><articuloAcademico><id /><nombre>Design and evaluation of an ambient assisted living system based on an argumentative multi-agent system</nombre></articuloAcademico><articuloAcademico><id /><nombre>Adaptive P2P Multimedia Communication Using Hybrid Learning</nombre></articuloAcademico><articuloAcademico><id>9d02a34a-16c4-45c8-a679-a46a8040bc69</id><nombre>IMPROVING ADAPTABILITY IN AD HOC TELECOMMUNICATION NETWORKS BY DECISSION RULES INDUCTION</nombre></articuloAcademico><articuloAcademico><id>acfb87fc-4b1d-40bb-aedc-27531cdb3866</id><nombre>Towards semantic-aware management of security services in GT4</nombre></articuloAcademico><articuloAcademico><id /><nombre>Debugging complex software systems by means of pathfinder networks</nombre></articuloAcademico><articuloAcademico><id>b6e448e7-9a70-4fb6-a720-47a954eb519a</id><nombre>Information and Hybrid Architecture Model of the OCP Contextual Information Management System</nombre></articuloAcademico><articuloAcademico><id /><nombre>Using cognitive agents in social simulations</nombre></articuloAcademico><articuloAcademico><id>be64ef6c-5281-4eec-8f5a-5417a8d291ce</id><nombre>Adaptability of the TRSIM Model to Some Changes in Agents Behaviour</nombre></articuloAcademico><articuloAcademico><id>ed12b79e-2bee-4aff-a012-22cd58c9eb0d</id><nombre>Neuro-Fuzzy Modeling Applied to GIS: a Case  Study  for Solar  Radiation</nombre></articuloAcademico><articuloAcademico><id /><nombre>Toward a Framework for the Specification of Hybrid Fuzzy Modeling</nombre></articuloAcademico><articuloAcademico><id>f3183fb6-fb1d-4548-852a-4ffc1df5f4b8</id><nombre>User-Aware Adaptive Applications for Enhanced Multimedia Quality in Heterogeneous Networking Environments</nombre></articuloAcademico><articuloAcademico><id /><nombre>Knowledge Authoring with ORE: Testing, Debugging and Validating Knowledge Rules in a Semantic Web Framework</nombre></articuloAcademico><articuloAcademico><id /><nombre>A NEW MODEL FOR TRUST AND REPUTATION MANAGEMENT WITH AN ONTOLOGY BASED APPROACH FOR SIMILARITY BETWENN TASKS</nombre></articuloAcademico><articuloAcademico><id>f6b8f51c-bf29-4639-8a55-30621e67c8c7</id><nombre>Validating ambient intelligence based ubiquitous computing systems by means of artificial societies</nombre></articuloAcademico><articuloAcademico><id /><nombre>TRADUCTORES</nombre></articuloAcademico><seccionLibro><id>1c7f6ae7-6dae-4a85-944d-7e9bfed67e65</id><nombre>Distributed rule reasoning in a context-aware system by means of Semantic Web</nombre></seccionLibro><seccionLibro><id /><nombre>A System of Cooperation Based on Ubiquitous Environments for Protection against Fires in Buildings</nombre></seccionLibro><seccionLibro><id /><nombre>Semantic Overlay Networks for Social Recommendation in P2P</nombre></seccionLibro><seccionLibro><id>2cce3e4b-4a58-44e0-acb3-f5da49430e4a</id><nombre>HIBRIDACIÓN  EN MODELADO DIFUSO Y MINERÍA DE DATOS</nombre></seccionLibro><seccionLibro><id /><nombre>A JAVA TECHNOLOGY BASED DISTRIBUTED SOFTWARE ARCHITECTURE FOR WEB USAGE MINING</nombre></seccionLibro><seccionLibro><id>3f8a2ecb-8a98-4d24-9ba9-ca98b13a9594</id><nombre>Intelligent Decision-Making for a Smart Home Environment with Multiple Occupants</nombre></seccionLibro><seccionLibro><id>5a365b21-b0ee-4197-ad33-938429d3a51f</id><nombre>A Software Architecture for an Argumentation-Oriented Multi-Agent System</nombre></seccionLibro><seccionLibro><id>6ac97fc6-f09a-4a51-812f-9fe296736f96</id><nombre>Description of Policies Enriched by Semantics for Security Management</nombre></seccionLibro><seccionLibro><id /><nombre>Solving Conflicts in Agent-Based Ubiquitous Computing Systems: A Proposal Based on Argumentation</nombre></seccionLibro><seccionLibro><id>83b003dc-cbce-4afb-a20e-2da4aef5c107</id><nombre>TECNOLOGÍAS Y PLATAFORMAS DE AGENTES</nombre></seccionLibro><seccionLibro><id>890654a3-b27b-413c-9764-4b2fa2725565</id><nombre>A PROPOSAL FOR META-LEARNING THROUGH A MA SYSTEMS</nombre></seccionLibro><seccionLibro><id>89253893-d128-4661-b120-9b03d2fd659a</id><nombre>FUZZY MODELING IN A MULTI-AGENT FRAMEWORK FOR LEARNING IN AUTONOMOUS SYSTEMS</nombre></seccionLibro><seccionLibro><id>ba021eaf-7f68-4ec6-be15-146498393a8b</id><nombre>APRENDIZAJE DE REGLAS DE DECISIÓN</nombre></seccionLibro><seccionLibro><id>c76ec0a5-77ba-4186-9876-de977f4b502c</id><nombre>Using Argumentation to Understand Ambiguous Situations in Intelligent Environments</nombre></seccionLibro><seccionLibro><id>e3ea87ad-7fdb-48cc-9a77-ad0029308ba3</id><nombre>Developing an Intelligent Parking Management Application Based on Multi-agent Systems and Semantic Web Technologies</nombre></seccionLibro><libro><id /><nombre>TRADUCTORES</nombre></libro><seccionLibro><id /><nombre>DATA MINING APPLIED TO IRRIGATION WATER MANAGEMENT</nombre></seccionLibro><libro><id>d0f575c5-c96b-46cb-9b12-e8e5a3b8c0b6</id><nombre>INTELIGENCIA ARTIFICIAL</nombre></libro></AutorCorrespondienteDe><participaEnActividad /></Persona>