﻿<?xml version="1.0" encoding="utf-8"?><Persona xmlns:xsi="http://www.w3.org/2001/XMLSchema-instance" xmlns:xsd="http://www.w3.org/2001/XMLSchema"><id>7a1b886c-ab12-478c-9f5d-3e288fe4e620</id><nombre>JOSE JOAQUIN CERON MADRIGAL</nombre><AutorCorrespondienteDe><articuloAcademico><id>0155fdaf-2b89-45d2-82c5-7e849b25a65e</id><nombre>Use of whole blood for spectrophotometric determination of cholinesterase activity in dogs</nombre></articuloAcademico><articuloAcademico><id /><nombre>CRITICAL DIFFERENCES OF ACUTE PHASE PROTEINS IN CANINE SERUM SAMPLES</nombre></articuloAcademico><articuloAcademico><id /><nombre>Serum acute phase protein concentrations in dogs during experimentally short-term induced overweight: a preliminary study</nombre></articuloAcademico><articuloAcademico><id /><nombre>Serum paraoxonase 1 (PON1) measurement: an update.</nombre></articuloAcademico><articuloAcademico><id /><nombre>Acute phase response to mycoplasma haemofelis and candidatus mycoplasma haemominutum infection in FIV-infected and non-FIV infected cats</nombre></articuloAcademico><articuloAcademico><id>0a7dbc27-c632-471d-882d-12b45e7484c8</id><nombre>Acute phase proteins in Andalusian horses infected with Theileria equi</nombre></articuloAcademico><articuloAcademico><id>0d79dced-9aa6-403e-a9b9-66e94dbb2e11</id><nombre>Haptoglobin and C-reactive protein as biomarkers in the serum, saliva and meat juice of pigs experimentally infected with porcine reproductive and respiratory syndrome virus.</nombre></articuloAcademico><articuloAcademico><id /><nombre>Serum acute phase proteinas as clinical phase indicators and outcome predictors in naturally occurrin canine monocytic ehrlichiosis</nombre></articuloAcademico><articuloAcademico><id /><nombre>Serum concentrations of acute phase proteins in dogs with leshmaniasis</nombre></articuloAcademico><articuloAcademico><id>0d896759-d4a4-49ae-b054-738c78bdd3cc</id><nombre>Adiponectin and IGF-1 are negative acute phase proteins in a dog model of acute endotoxaemia</nombre></articuloAcademico><articuloAcademico><id>0db554b5-e992-4dc3-b8e7-c3c182f3f6b1</id><nombre>THE EFFECTS OF DIFFERENT ANTICOAGULANTS IN ROUTINE CANINE PLASMA BIOCHEMISTRY</nombre></articuloAcademico><articuloAcademico><id>10eba33d-8028-4526-b207-b51034e7fc48</id><nombre>Digestibility and voluntary intake of vine leaves  (Vitis vinifera L.) by sheep.</nombre></articuloAcademico><articuloAcademico><id /><nombre>Canine demodicosis: the relationship between response to treatment of generalised disease and markers for inflammation and oxidative status.</nombre></articuloAcademico><articuloAcademico><id /><nombre>Porcine salivary analysis by 2-dimensional gel electrophoresis in 3 models of acute stress: A pilot study</nombre></articuloAcademico><articuloAcademico><id /><nombre>Effects of haemolysis, lipaemia and bilirubinaemia in canine C-reactive protein and haptoglobin determination by time-resolved fluorometry: short communication</nombre></articuloAcademico><articuloAcademico><id /><nombre>Serum acute phase protein concentrations in female dogs with mammary tumors</nombre></articuloAcademico><articuloAcademico><id /><nombre>ESTRATEGIAS DE MANEJO REPRODUCTIVO Y primeros resultados en la zona Mediterránea</nombre></articuloAcademico><articuloAcademico><id /><nombre>Progesterone determination in iberian red deer by Time-resolved fluorometry:an alternative method to RIA</nombre></articuloAcademico><articuloAcademico><id /><nombre>Effects of haemolysis, lipaemia, bilirrubinaemia and anticoagulants in assays for different acute phase protein,serum amyloid.A, and ceruloplasmin assays</nombre></articuloAcademico><articuloAcademico><id /><nombre>Comparative study of clinical courses, gross lesions, acute phase response and coagulation disorders in sheep inoculated with bluetongue virus serotype 1 and 8.</nombre></articuloAcademico><articuloAcademico><id>1f9eb87d-25dc-4169-981d-faeb331e16b0</id><nombre>Proteínas de fase aguda: un nuevo marcador bioquímico veterinario para el siglo XXI</nombre></articuloAcademico><articuloAcademico><id>1fcbe38f-5e14-4441-ab37-32ec8af79fb2</id><nombre>Metodos para medir el grado de obesidad en perros: entre la fisica y la bioquimica</nombre></articuloAcademico><articuloAcademico><id /><nombre>An automated turbidimetric method for fibrinogen determination in dogs.</nombre></articuloAcademico><articuloAcademico><id /><nombre>Effect of a Low Dose of Dietary Resveratrol on Colon Microbiota, Inflammation and Tissue Damage in a DSS-Induced Colitis Rat Model</nombre></articuloAcademico><articuloAcademico><id /><nombre>Acute phase proteins in ruminants.</nombre></articuloAcademico><articuloAcademico><id /><nombre>Fat digestibility is reduced in old cats with subnormal cobalamin concentrations.</nombre></articuloAcademico><articuloAcademico><id>25291c91-095c-4461-b22d-03e658b5d288</id><nombre>Saliva chromogranin A in growing pigs: A study of circadian patterns during daytime and stability under different storage conditions</nombre></articuloAcademico><articuloAcademico><id>29f230c8-e038-473d-91e6-3c885c98cf4a</id><nombre>Acute phase proteins as a tool for differential diagnosis of wasting diseases in growing pigs.</nombre></articuloAcademico><articuloAcademico><id /><nombre>A seven-point plan for acute phase protein interpretation in companion animals</nombre></articuloAcademico><articuloAcademico><id /><nombre>Proteomic analysis of porcine saliva</nombre></articuloAcademico><articuloAcademico><id>2b349fdd-22cd-405d-8415-3cce212b9ebc</id><nombre>Detection of potential markers for systemic disease in saliva of pigs by proteomics: a pilot study.</nombre></articuloAcademico><articuloAcademico><id>301701f6-6336-49fa-8100-0014cce14535</id><nombre>Use of saliva for haptoglobin and C-reactive protein quantifications in porcine respiratory and reproductive syndrome affected pigs in field conditions</nombre></articuloAcademico><articuloAcademico><id>2fc3bc29-c5ff-4bd4-9353-fb0df7a9599a</id><nombre>C-REACTIVE PROTEIN MEASUREMENT IN CANINE SALIVA</nombre></articuloAcademico><articuloAcademico><id /><nombre>Towards a better understanding of salivary and meat juice acute phase proteins determination in pigs: an expression study</nombre></articuloAcademico><articuloAcademico><id /><nombre>TOXICOLOGICAL EFFECTS IN RABBITS INDUCED BY ENDOSULTAN, LINDANE, AND METHYLPARATHION REPRESENTING AGRICULTURAL BYPRODUCTS CONTAMINATION</nombre></articuloAcademico><articuloAcademico><id>3102fb3f-d945-45f5-8b7d-7b75493f2aa7</id><nombre>Evaluation of an immunoassay for determination of haptoglobin concentration in various biological specimens from swine</nombre></articuloAcademico><articuloAcademico><id /><nombre>Acute phase protein response in experimental canine leishmaniosis</nombre></articuloAcademico><articuloAcademico><id>2b3bccf0-b90d-4a89-9e0b-6d204e96aace</id><nombre>Serum concentrations of C-reactive protein, serum amyloid A, and haptoglobin in pigs inoculated with African swine fever or classical swine fever viruses</nombre></articuloAcademico><articuloAcademico><id /><nombre>ANALYTICAL AND CLINICAL VALIDATION OF A TIME-RESOLVED IMMUNOFLUOROMETRIC ASSAY (TR-IFMA) FOR CANINE C-REACTIVE PROTEIN IN SERUM</nombre></articuloAcademico><articuloAcademico><id /><nombre>Validation of three commercially available immunoassays for quantification of IgA, IgG and IgM in porcine saliva samples</nombre></articuloAcademico><articuloAcademico><id>3f30e001-ab76-40bf-aab1-297d64d5f691</id><nombre>Different stressors elicit different responses in the salivary biomarkers cortisol, haptoglobin, and chromogranin A in pigs</nombre></articuloAcademico><articuloAcademico><id /><nombre>Evaluation of EDTA haematology tubes for collection of blood samples for tests of secondary hemostasis in dogs</nombre></articuloAcademico><articuloAcademico><id /><nombre>Evaluation of automated assays for immunoglobulin G, M and A measurements in dog and cat serum</nombre></articuloAcademico><articuloAcademico><id>3b38ba6a-8434-4173-8968-8ef0e68c92c9</id><nombre>EFFECTS OF DIFFERENT VARIABLES ON WHOLE BLOOD CHOLINESTERASE ANALYSIS IN DOGS</nombre></articuloAcademico><articuloAcademico><id /><nombre>Serum adiponectin concentration in dogs-absence of diurnal variation and lack of effect of feeding and methylprednisoline administration</nombre></articuloAcademico><articuloAcademico><id>3a83baf2-cc5f-454d-bccb-28bf5d9e9afd</id><nombre>Measurement of chromogranin A in porcine saliva: validation of a time-resolved immunofluorometric assay and evaluation of its application as a marker of acute stress.</nombre></articuloAcademico><articuloAcademico><id /><nombre>Acute phase proteins in experimentally induced pregnancy toxemia in goats.</nombre></articuloAcademico><articuloAcademico><id /><nombre>RESPONSE OF BROILERS TO FEEDING LOW-CALCIUM AND PHOSPHORUS DIETS PLUS PHYTASE UNDER DIFFERENT ENVIRONMENTAL CONDITIONS: BODY WEIGHT AND TIBIOTARSUS MINERALIZATION</nombre></articuloAcademico><articuloAcademico><id /><nombre>Influence of different storage conditions and anticoagulants on the measurement of total and acylated ghrelin in dogs: a preliminary study.</nombre></articuloAcademico><articuloAcademico><id>43f8a4f3-6e1a-4567-933b-4b0e10e7e3af</id><nombre>Serum total sialic acid in pigs: new possibilities for an old inflammatory biomarker</nombre></articuloAcademico><articuloAcademico><id /><nombre>Serum acute phase proteins in dogs with symptomatic esophageal spirocercosis</nombre></articuloAcademico><articuloAcademico><id>4c16692e-a3f4-451c-a40c-f86189fcbb46</id><nombre>Response of salivary haptoglobin and serum amyloid A to social isolation and short road transport stress in pigs</nombre></articuloAcademico><articuloAcademico><id>4cbf6b39-b081-4a8a-a25a-96866c725f09</id><nombre>Canine C-reactive protein measurements in cerebrosponal fluid by a time-resolved immunofluorometric assay</nombre></articuloAcademico><articuloAcademico><id /><nombre>Evaluation and comparison of two immunoturbidimetric assays for the heterologous determination of porcine serum C-reactive protein</nombre></articuloAcademico><articuloAcademico><id>4df60925-9555-4e37-845b-af7db46b91b9</id><nombre>Validation of an automated method for salivary alpha-amylase measurements in pigs (Sus scrofa domesticus) and its application as a stress biomarker.</nombre></articuloAcademico><articuloAcademico><id /><nombre>LINDANE AND METHYLPARATHION RESIDUE DEGRADATION IN CARNATION BYPRODUCT (DIANTHUS CARYOPHYLLUS, L.) UNDER DIFFERENT ENVIRONMENTAL CONDITIONS</nombre></articuloAcademico><articuloAcademico><id /><nombre>Effects of orchidectomy in selective biochemical analytes in Beagle dogs.</nombre></articuloAcademico><articuloAcademico><id>6303dc9a-c992-45e4-977e-efc9fde9aa0d</id><nombre>Oxidative stress in veterinary medicine</nombre></articuloAcademico><articuloAcademico><id>63c46d2e-c769-4505-b93f-a93ea09441f9</id><nombre>Relationship between serum butyrylcholinesterase and obesity in dogs: a preliminary report</nombre></articuloAcademico><articuloAcademico><id>648304b8-a03b-422c-b09e-a0004acc90b0</id><nombre>Perioperative stress response in dogs undergoing elective surgery: variations in behavioural, neuroendocrine, immune and acute phase responses</nombre></articuloAcademico><articuloAcademico><id>5f20d43c-8286-4bff-b4e3-0378e70efb85</id><nombre>Urinary clusterin as a renal marker in dogs</nombre></articuloAcademico><articuloAcademico><id /><nombre>Validation of an automated chemiluminiscent immunoassay for salivary cortisol measurements in pigs</nombre></articuloAcademico><articuloAcademico><id /><nombre>Effect of weight loss on inflammatory biomarkers in obese dogs.</nombre></articuloAcademico><articuloAcademico><id>5f2eb509-5d6b-4c9d-b085-e86832490b98</id><nombre>Serum ferritin and paraoxonase-1 in canine leishmaniosis</nombre></articuloAcademico><articuloAcademico><id /><nombre>Serum butyrylcholinesterase and paraoxonase 1 in a canine model of endotoxemia: effects of choline administration</nombre></articuloAcademico><articuloAcademico><id /><nombre>Serum acute phase proteins concentrations in dogs during experimentally short-term induced overweight. A preliminary study</nombre></articuloAcademico><articuloAcademico><id>697ef106-82b7-4483-a9ab-3ff242a76689</id><nombre>Acute phase proteins in ruminats</nombre></articuloAcademico><articuloAcademico><id>6e8d051b-0239-4039-be8a-76323d307afd</id><nombre>Effect of repeated administration of lipopolysaccharide on inflammatory and stress markers in saliva of growing pigs</nombre></articuloAcademico><articuloAcademico><id>6c531f54-6c5a-4f65-bebe-f65656be961d</id><nombre>Effect of feeding on hormones related with feed intake in reproductive sows with different energy balances</nombre></articuloAcademico><articuloAcademico><id /><nombre>Acetylcholinesterase and butyrylcholinesterase activities in obese Beagle dogs before and after weight loss</nombre></articuloAcademico><articuloAcademico><id /><nombre>Acute phase protein response in goats</nombre></articuloAcademico><articuloAcademico><id>703a309a-e1ed-4596-ac4a-a47102bf49bb</id><nombre>A proteomic analysis of serum from dogs before and after a controlled weight-loss program</nombre></articuloAcademico><articuloAcademico><id>6fd8cc43-4a86-47cd-b9d4-17741306c1b2</id><nombre>Evidence of an acute phase response in dogs naturally infected with Babesia canis</nombre></articuloAcademico><articuloAcademico><id /><nombre>Evaluation of acute phase protein indexes in dogs with leishmaniasis at diagnosis, during and after short-term treatment</nombre></articuloAcademico><articuloAcademico><id>7a386276-0271-4686-a5c8-ff7cc6b73c5e</id><nombre>C-reactive protein in meat juice from pigs</nombre></articuloAcademico><articuloAcademico><id>79f0892f-9d7e-40a1-a384-aa90c412f364</id><nombre>Circadian pattern of acute phase proteins in the saliva of growing pigs.</nombre></articuloAcademico><articuloAcademico><id /><nombre>Comparison of two automated spectrophotometric methods for ceruloplasmin measurement in pigs</nombre></articuloAcademico><articuloAcademico><id>6739a251-794a-4a40-87c4-a276e9750a8f</id><nombre>Measurement of salivary adiponectin concentrations in dogs.</nombre></articuloAcademico><articuloAcademico><id /><nombre>REPEATED ORAL ADMINISTRATION OF HIGH DOSES OF THE POMEGRANATE ELLAGITANNIN PUNICALAGIN TO RATS FOR 37 DAYS IS NOT TOXIS</nombre></articuloAcademico><articuloAcademico><id>72992ce0-f764-418e-b72b-275d946dbb70</id><nombre>Effect of weight loss in obese dogs on indicators of renal function or disease.</nombre></articuloAcademico><articuloAcademico><id /><nombre>Determinación de proteínas de fase aguda en saliva: una forma no estresante de valorar el estado sanitario en el cerdo</nombre></articuloAcademico><articuloAcademico><id>6e456f56-ff7d-493c-846c-35f9d453d6d4</id><nombre>DEVELOPMENT OF A TIME-RESOLVED FLUOROMETRY BASED IMMUNOASSAY FOR THE DETERMINATION OF CANINE HAPTOGLOBIN IN VARIOUS BODY FLUIDS</nombre></articuloAcademico><articuloAcademico><id /><nombre>EFFECTS OF HAEMOLYSIS, LIPAEMIA, BILIRUBINAEMIA AND FIBRINOGEN ON PROTEIN ELECTROPHEROGRAM OF CANINE SAMPLES ANALYSED BY CAPILLARY ZONE ELECTROPHORESIS</nombre></articuloAcademico><articuloAcademico><id /><nombre>Optimization of a spectrophotometric method for quantification of acid-soluble glycoprotein in porcine serum</nombre></articuloAcademico><articuloAcademico><id /><nombre>Obesity-related metabolic dysfunction in dogs: a comparison with human metabolic syndrome</nombre></articuloAcademico><articuloAcademico><id>8e3e6067-edeb-4bd4-8df7-1d1a7a0194f2</id><nombre>Acute phase proteins in small animals: current situation and future perspectives</nombre></articuloAcademico><articuloAcademico><id /><nombre>Local identification of porcine haptoglobin in salivary gland and diaphragmatic muscle tissues</nombre></articuloAcademico><articuloAcademico><id>83e6ef35-f88b-4aac-8d70-bb3498cd518a</id><nombre>A proteomic approach to porcine saliva.</nombre></articuloAcademico><articuloAcademico><id>8b744655-a275-458a-8b81-c4a3edb714ae</id><nombre>Serum amyloid A3 not SAA1 appears to be the major acute phase SAA isoform in the pig</nombre></articuloAcademico><articuloAcademico><id /><nombre>Salivary testosterone measurements in growing pigs: validation of an automated chemiluminescent immunoassay and its possible use as an acute stress marker</nombre></articuloAcademico><articuloAcademico><id>95ceb81b-f5f4-4ff8-8769-8229952fc7f3</id><nombre>HAPTOGLOBINA COMO INDICADOR DE ESTRÉS EN VACAS DE LIDIA</nombre></articuloAcademico><articuloAcademico><id /><nombre>Acute phase proteins increase with sarcoptic mange status and severity in Iberian ibex (Capra pyrenaica , Schinz 1838)</nombre></articuloAcademico><articuloAcademico><id>93216809-8ff3-47a6-a03f-214c5035a8c5</id><nombre>Serum butyrylcholinesterase activity in dogs with diabetes mellitus.</nombre></articuloAcademico><articuloAcademico><id>91e50524-92e9-4310-8868-a035b0470242</id><nombre>Prognostic value of serum acute-phase proteins in dogs with parvoviral enteritis.</nombre></articuloAcademico><articuloAcademico><id /><nombre>SERUM CONCENTRATIONS OF ACUTE PHASE PROTEINS IN DOGS WITH LEISHMANIOSIS DURING SHORT-TERM TREATMENT</nombre></articuloAcademico><articuloAcademico><id /><nombre>ENDOSULFAN ISOMERS AND METABOLITE RESIDUE DEGRADATION IN CARNATION (DIANTHUS CARYOPHYLLUS) BYPRODUCT...</nombre></articuloAcademico><articuloAcademico><id>9b41e253-f2bb-4c21-8874-3ca32f25ecfb</id><nombre>USE OF A TIME-RESOLVED IMMUNOFLUOROMETRIC ASSAY FOR DETERMINATION OF CANINE C-REACTIVE PROTEIN CONCENTRATIONS IN WHOLE BLOOD</nombre></articuloAcademico><articuloAcademico><id /><nombre>Effect of low inulin doses with different polymerisation degree on lipid metabolism, mineral absorption, and intestinal microbiota in rats with fat-supplemented diet</nombre></articuloAcademico><articuloAcademico><id>a662c5e6-754c-4673-9f3c-ddfff9314a4e</id><nombre>Fast measurement of serum amyloid A in different specimens from swine by using a new one-step time-resolved fluorescent immunoassay.</nombre></articuloAcademico><articuloAcademico><id>9a7461fa-b3fb-412f-b191-c71696f9aed6</id><nombre>CONCENTRATIONS OF C-REACTIVE PROTEIN IN EFFUSIONS IN DOGS</nombre></articuloAcademico><articuloAcademico><id>a12d5ec0-e076-47f9-80da-99230cb50563</id><nombre>Assessment of stress associated with an oral public speech in veterinary students by salivary biomarkers.</nombre></articuloAcademico><articuloAcademico><id /><nombre>C-reactive protein quantification in porcine saliva: a minimally invasive test for pig health monitoring</nombre></articuloAcademico><articuloAcademico><id /><nombre>Serum concentrations of eicosanoids and lipids in dogs naturally infected with Babesia canis.</nombre></articuloAcademico><articuloAcademico><id /><nombre>Preliminary Studies of serum acute phase protein concentrations in hematologic and neoplastic diseases of the dog</nombre></articuloAcademico><articuloAcademico><id>a2d98ad7-f678-4798-88cc-4541199c8f9f</id><nombre>La respuesta de fase aguda en el síndrome reproductivo y respiratorio porcino</nombre></articuloAcademico><articuloAcademico><id>a93be4b2-e53c-4ddf-ac5c-e6ed5059eaa0</id><nombre>Validation of a commercially available human immunoturbidimetric assay for haptoglobin determination in canine serum samples</nombre></articuloAcademico><articuloAcademico><id>a785ceeb-a378-4150-ac83-d42dc3b25c77</id><nombre>Effects of thyroxin therapy on different analytes related to obesity and inflammation in dogs with hypothyroidism.</nombre></articuloAcademico><articuloAcademico><id /><nombre>Validation of a Commercially available human inmunoturbidimetric Assay for haptoglobin determination in canine  serum samples</nombre></articuloAcademico><articuloAcademico><id>9d4e81a0-fd43-4cdb-b2b8-5103b8fa8ef5</id><nombre>Urinary C reactive protein levels in dogs with leishmaniasis at different stages of renal damage.</nombre></articuloAcademico><articuloAcademico><id /><nombre>Validation of two ELISA assays for total ghrelin measurement in dogs</nombre></articuloAcademico><articuloAcademico><id>a3799410-a19c-4fb8-88e3-fc94b5f9cd45</id><nombre>Serum acute phase protein concentration profiles in dogs with hyperadrenocorticism with and without concurrent inflammatory conditions</nombre></articuloAcademico><articuloAcademico><id>a9e5cb0d-e02e-40fa-b519-a9197b108668</id><nombre>Analytical performance of commercially-available assays for feline insulin-like growth factor 1 (IGF-1), adiponectin and ghrelin measurements.</nombre></articuloAcademico><articuloAcademico><id>b6df2afd-d6cc-4306-8e92-2c39ee3f5e11</id><nombre>Evaluation of changes in haptoglobin and C-reactive protein concentrations caused by freezing of saliva and meat juice samples collected from healthy and diseased pigs.</nombre></articuloAcademico><articuloAcademico><id /><nombre>The translation into Spanish of the OIE Manual of diagnostic tests and vaccines for terrestial animals: problems, solutions and conclusions</nombre></articuloAcademico><articuloAcademico><id /><nombre>AUTOMATED SPECTROPHOTOMETRIC METHOD USING 2,2'- DITHIODIPYRIDINE ACID FOR DETERMINATION OF CHOLINESTERASE IN WHOLE BLOOD</nombre></articuloAcademico><articuloAcademico><id>bb906c1a-0b70-4f18-b722-bca32dedb6be</id><nombre>Acute phase response in dogs with Dirofilaria immitis.</nombre></articuloAcademico><articuloAcademico><id>b2cca2d2-5ef5-429b-a64b-285008d5b4c1</id><nombre>HEPATIC IMMUNE RESPONSE IN CALVES DURING ACUTE SUBCLINICAL INFECTION WITH BOVINE VIRAL DIARRHOEA VIRUS TYPE 1</nombre></articuloAcademico><articuloAcademico><id>b766ac2c-f8b9-4bd4-a7b0-75f65fe3ef03</id><nombre>Validation of 2 commercially available enzyme-linked immunosorbent assays for adiponectin determination in canine serum samples</nombre></articuloAcademico><articuloAcademico><id>ad8afdbd-dfdf-477e-8f5a-e49bbe208406</id><nombre>Haptoglobina en rumiantes: generalidades y posibles aplicaciones clinicas</nombre></articuloAcademico><articuloAcademico><id /><nombre>Evaluation of C-reactive protein, haptoglobin and cardiac troponin 1 levels in brcahyocephalic dogs with upper airway obstructive symdrome</nombre></articuloAcademico><articuloAcademico><id /><nombre>Safety Evaluation of an Oak-Flavored Milk Powder Containing Ellagitannins upon Oral Administration in the Rat</nombre></articuloAcademico><articuloAcademico><id>bfb28617-b48a-480d-8370-6092314d0b18</id><nombre>Serum and urinary adiponectin in dogs with renal disease from leishmaniasis</nombre></articuloAcademico><articuloAcademico><id /><nombre>Cortisol and free thyroxine determination by Time-resolved fluorometry in canine serum</nombre></articuloAcademico><articuloAcademico><id>c59bdbde-bdfb-40c0-b7c7-a5107d9990c2</id><nombre>METABOLIC EFFECTS OF DIAZINON ON THE EUROPEAN EEL ANGUILLA ANGUILLA</nombre></articuloAcademico><articuloAcademico><id /><nombre>Acute phase response in porcine reproductive and respiratory syndrome virus infection.</nombre></articuloAcademico><articuloAcademico><id>c1841aef-c349-4fa9-a731-eebb89c935cd</id><nombre>Relationship between serum acute phase proetein concentrations and lesions in finishing pigs</nombre></articuloAcademico><articuloAcademico><id /><nombre>Haptoglobin and serum amyloid A in subacute ruminalacidosis in goats</nombre></articuloAcademico><articuloAcademico><id>cfbbef47-fa6c-4f47-8466-6013fb0fe6f6</id><nombre>Haptoglobin concentration in galgos and greyhounds</nombre></articuloAcademico><articuloAcademico><id>d052b6c3-4fab-4fda-aeb3-c7453d2f2f5c</id><nombre>Relación entre los niveles de proteínas de fase aguda y la gravedad de las lesiones en cerdos afectados clínicamente por el síndrome de adelgazamiento multisistémico post-destete</nombre></articuloAcademico><articuloAcademico><id /><nombre>DETERMINATION OF WHOLE BLOOD CHOLINESTERASE IN DIFFERENT ANIMAL SPECIES USING SPECIFIC SUBSTRATES</nombre></articuloAcademico><articuloAcademico><id>c683a227-2198-44eb-97b2-3d4395946090</id><nombre>Teaching veterinary clinical pathology to undergraduate students: an integrated European project</nombre></articuloAcademico><articuloAcademico><id>c892276a-9aef-4a83-8ede-ea864ad3cecb</id><nombre>Development of fast and simple methods for porcine haptoglobin and ceruloplasmin purification</nombre></articuloAcademico><articuloAcademico><id>cd9ffff1-b376-4752-baa4-1ca675a7230f</id><nombre>Validación analítica de técnicas comerciales para la determinación de  haptoglobina, proteína C reactiva y amiloide A sérico en caninos.</nombre></articuloAcademico><articuloAcademico><id /><nombre>COMPARACIÓN DE DOS MÉTODOS PARA EL AISLAMIENTO Y PURIFICACIÓN DE LA PROTEÍNA C-REACTIVA (CRP) CANINA</nombre></articuloAcademico><articuloAcademico><id>d06b35ce-5010-440a-b317-fff4133024f4</id><nombre>AN AUTOMATED SPECTROPHOTOMETRIC METHOD FOR MEASURING CANINE CERULOPLASMIN IN SERUM</nombre></articuloAcademico><articuloAcademico><id /><nombre>Answer to some common questions on serum protein electrophoresis</nombre></articuloAcademico><articuloAcademico><id>d529c5ba-1312-4404-91b3-fa347cd51c4f</id><nombre>Serum paraoxonase type-1 activity in pigs: Assay validation and evolution after an induced experimental inflammation</nombre></articuloAcademico><articuloAcademico><id>d81093f2-5478-47ec-9165-de47119f7efb</id><nombre>Why working with porcine serum amyloid A is a pig of a job</nombre></articuloAcademico><articuloAcademico><id>e296f02b-c89d-4a2d-96b1-9fc3b3f93d4c</id><nombre>A New Assay for Measurement of Acetylcholinesterase and Butyrylcholinesterase in CanineWhole Blood Combining Specific Substrates and Ethopropazine Hydrochloride as a SelectiveButyrylcholinesterase Inhibitor</nombre></articuloAcademico><articuloAcademico><id /><nombre>MPTP administration increases plasma levels of acute phase proteins in non-human primates (Macaca fascicularis).</nombre></articuloAcademico><articuloAcademico><id /><nombre>Analytical validation of commercially available methods for acute phase proteins quantification in pigs</nombre></articuloAcademico><articuloAcademico><id>e3f3a798-5145-4c97-8702-06b11880a06f</id><nombre>Assessment of five ELISAs for measurement of leptin concentrations in dogs</nombre></articuloAcademico><articuloAcademico><id /><nombre>Development and validation of a novel competitive ELISA for the detection of serum amyloid A in pigs.</nombre></articuloAcademico><articuloAcademico><id /><nombre>Dual-label time-resolved fluoroimmunoassay for simultaneous quantification of haptoglobin and C-reactive protein in meat juice from pigs</nombre></articuloAcademico><articuloAcademico><id /><nombre>EFFECTS OF DIFFERENT GLUCOCORTICOID TREATMENT PROTOCOLS ON CANINE SERUM ACUTE PHASE PROTEINS</nombre></articuloAcademico><articuloAcademico><id /><nombre>Effect of estradiol and progesterone on metabolic biomarkers in healthy bitches</nombre></articuloAcademico><articuloAcademico><id>eb174d57-a445-41ac-bffc-7db635a72e12</id><nombre>Acute Phase Protein Concentrations in Retired Racing Greyhounds</nombre></articuloAcademico><articuloAcademico><id>e8ce98ed-c7a1-4646-9fad-b764cf1749ed</id><nombre>Acute phase protein response in the capybara (Hydrochoerus hydrochaeris).</nombre></articuloAcademico><articuloAcademico><id>f2b3c041-7b17-442c-81c7-be03a60d2a5a</id><nombre>C-reactive protein measurements in meat juice of pigs</nombre></articuloAcademico><articuloAcademico><id>dd63246b-e38f-469f-b4b0-43ebdaa7945c</id><nombre>PROTEÍNAS DE FASE AGUDA EN EL GANADO PORCINO Conceptos generales y posibles aplicaciones prácticas</nombre></articuloAcademico><articuloAcademico><id>f872606b-7baa-4222-a516-06f1e24d28c5</id><nombre>Effects of weight loss in obese cats on biochemical analytes related to inflammation and glucose homeostasis.</nombre></articuloAcademico><articuloAcademico><id>f2c4da64-f294-4d5a-9910-7073947e89ba</id><nombre>Serum amyloid A measuremtnes in saliva and serum in growing pigs affected by porcine respiratory and reproductive syndrome in field conditions</nombre></articuloAcademico><seccionLibro><id>05fd2b46-6405-4282-9362-84a9d893fe66</id><nombre>BIOQUÍMICA CLÍNICA DE PROTEÍNAS E COMPOSTOS NITROGENADOS</nombre></seccionLibro><articuloAcademico><id>fdcf34bf-095f-4330-b7b9-38e1ceefff58</id><nombre>Acute phase proteins in diagnostics: more than expected</nombre></articuloAcademico><seccionLibro><id>20f1e16e-934d-4f83-ad32-741f230ba0b0</id><nombre>Perioperative stress in dogs: neuroendocrine and immune responses.</nombre></seccionLibro><articuloAcademico><id>f431dac4-7a10-469b-9143-a3aadad5d0bc</id><nombre>Iron status and C-reactive protein in&amp;#8201canine leishmaniasis.</nombre></articuloAcademico><articuloAcademico><id>f5045ed4-a6b8-4a39-ba97-c1c843543bfb</id><nombre>A time-resolved immunofluorometric assay for porcine C-reactive protein quantification in whole blood</nombre></articuloAcademico><seccionLibro><id>0bdcdca4-724e-4aef-8686-9a6f5cf867cb</id><nombre>SANGRE Y SISTEMA INMUNITARIO</nombre></seccionLibro><seccionLibro><id>55603921-3798-431f-aba4-2667bca39f6d</id><nombre>Aprendiendo a no fiarse de los resultados bioquimicos</nombre></seccionLibro><seccionLibro><id>00b291fe-f2e7-41aa-be69-a1a8aa05c7bd</id><nombre>Adiponectin concentration in urine of dogs with proteinuria</nombre></seccionLibro><seccionLibro><id>2a6ac8e7-b7aa-4d42-b385-d6247ff304da</id><nombre>Proteínas de fase aguda en el ganado porcino</nombre></seccionLibro><articuloAcademico><id>f4cd41c1-4afc-4ec6-98e7-fedfd374fbce</id><nombre>Establishment of the European College of Veterinary Clinical Pathology and the current status of veterinary clinical pathology in Europe</nombre></articuloAcademico><articuloAcademico><id /><nombre>Serum insulin-like growth factor-1 measurements in dogs: performance characteristics of an automated assay and study of some sources of variation</nombre></articuloAcademico><seccionLibro><id>0c331041-05ce-4a9d-bb7c-04a033df818c</id><nombre>Acute phase protein concentrations as tool for the differential diagnosis between PMWS and PRDC</nombre></seccionLibro><seccionLibro><id /><nombre>Análisis Clínicos en Équidos</nombre></seccionLibro><articuloAcademico><id /><nombre>Longitudinal analysis of acute-phase proteins in saliva in pig farms with different health status</nombre></articuloAcademico><seccionLibro><id>04168abb-1086-4198-a074-658a05ae5c9a</id><nombre>USE OF WHOLE BLOOD FOR C-REACTIVE PROTEIN DETERMINATION IN PIGS</nombre></seccionLibro><seccionLibro><id /><nombre>Influence of different preanalytical factors on an ELISA assay for canine CRP determination</nombre></seccionLibro><seccionLibro><id /><nombre>DIURNAL VARIATIONS AND FEEDING STATUS INFLUENCE IN POSITIVE ACUTE PHASE PROTEINS IN HEALTHY DOGS</nombre></seccionLibro><seccionLibro><id /><nombre>Como sacar el máximo partido al análisis de proteínas séricas</nombre></seccionLibro><seccionLibro><id /><nombre>Haptoglobin and C-reactive protein in canine effusions</nombre></seccionLibro><seccionLibro><id /><nombre>CETOSIS  EXPERIMENTAL EN LA CABRA: ESTUDIO DE ALGUNOS PARARMENTROS BIOQUIMICOS</nombre></seccionLibro><seccionLibro><id /><nombre>Urianálisis</nombre></seccionLibro><seccionLibro><id /><nombre>Estrategias de manejo reproductivo y primeros resultados en la zona mediterránea</nombre></seccionLibro><libro><id /><nombre>MAMUAL TEORICO-PRACTICO DE PROPEDEUTICA CLINICA VETERINARIA</nombre></libro><seccionLibro><id /><nombre>Acute Phase proteins expression in pigs infected experimentally with an European field strain of PRRS virus and their relationship with cytokines expression</nombre></seccionLibro><seccionLibro><id>61a36b29-5d76-4a7d-8433-73493a16f1ab</id><nombre>VARIAC. NIVELES DE CA,P Y MG EN LECHE, ORINA EN VACAS TRAT. CON SOLUCC. CALCICAS</nombre></seccionLibro><seccionLibro><id>a7df3a5f-e5f5-4813-8853-adbdd745d5cd</id><nombre>EFFECTS OF ORCHIDECTOMY ON CIRCULATING ADIPONECTIN LEVELS IN BEAGLE DOGS</nombre></seccionLibro><libro><id /><nombre>VETERINARY CLINICAL PATHOLOGY</nombre></libro><seccionLibro><id /><nombre>EVALUATION OF DIFFERENT MONOCLONAL ANTIBODIES AGAINST HUMAN CRP IN A TR-FIA FOR DETERMINATION OF CANINE CRP</nombre></seccionLibro><seccionLibro><id /><nombre>Electrophoresis and Acute Phase Protein Measurement</nombre></seccionLibro><seccionLibro><id /><nombre>Acute phase proteins</nombre></seccionLibro><seccionLibro><id /><nombre>Analisis dellle urine</nombre></seccionLibro><seccionLibro><id /><nombre>PERFIL BIOQUÍMICO SANGÜÍNEO</nombre></seccionLibro><libro><id>52a1b26c-64a8-4743-b40b-58978b359cf3</id><nombre>Análisis Clínicos Veterinarios</nombre></libro><seccionLibro><id>b2df50bb-6868-44ee-b5c3-834a5c189fa6</id><nombre>PROTEINAS SERICAS Y SU FRACCIONAMIENTO ELECTROFORETICO EN CABRAS DURANTE DIFERENTES ESTUDIOS REPRODUCTIVOS</nombre></seccionLibro><seccionLibro><id /><nombre>A SIMPLE PROCEDURE FOR CANINE HAPTOGLOBIN PURIFICATION</nombre></seccionLibro><libro><id /><nombre>II JORNADAS NACIONALES Y I INTERNACIONALES SOBRE RESIDUOS EN ANIMALES Y ALIMENTOS DE ORIGEN ANIMAL</nombre></libro><seccionLibro><id /><nombre>Serum C-reactive protein and brain natriuretic peptide concentrations in dogs with cardiac diseases and congestive heart failure at different stages</nombre></seccionLibro></AutorCorrespondienteDe><participaEnActividad /></Persona>