﻿<?xml version="1.0" encoding="utf-8"?><Persona xmlns:xsi="http://www.w3.org/2001/XMLSchema-instance" xmlns:xsd="http://www.w3.org/2001/XMLSchema"><id /><nombre>DOMINGO ANDRES PASCUAL FIGAL</nombre><AutorCorrespondienteDe><articuloAcademico><id /><nombre>Conferencia de consenso de los grupos españoles de Trasplante Cardiaco: capítulo 3, Donante cardiaco.</nombre></articuloAcademico><articuloAcademico><id /><nombre>Impact of chronic kidney disease on major bleeding complications and mortality in patients with indication for oral anticoagulation undergoing coronary stenting.</nombre></articuloAcademico><articuloAcademico><id>02696914-ee2a-46c9-b8a3-04aafa695678</id><nombre>Síndromes de insuficiencia cardiaca aguda: Diferentes entidades con diferente pronóstico</nombre></articuloAcademico><articuloAcademico><id /><nombre>Complementary Prognostic Value of Cystatin C, N-terminal pro-B-type Natriuretic Peptide and Cardiac Troponin T in Patients with Acute Heart Failure</nombre></articuloAcademico><articuloAcademico><id>0ef3b2b6-7762-47e2-b723-c2a967214a0f</id><nombre>Optical Coherence Tomography and Highly Sensitivity Troponin T for Evaluating Cardiac Allograft Vasculopathy.</nombre></articuloAcademico><articuloAcademico><id /><nombre>Influence of gender on the clinical characteristics and prognosis of patients hospitalized for heart failure</nombre></articuloAcademico><articuloAcademico><id>156221fc-55bb-4ddc-95f3-098d04f6af10</id><nombre>Variabilidad a corto plazo de la turbulencia de la frecuencia cardiaca en insuficiencia cardiaca crónica</nombre></articuloAcademico><articuloAcademico><id>15e8f17d-8a21-49fa-a61d-8c212969da2e</id><nombre>A Bayes de Luna on behalf of MUSIC Investigators. The music risk score: a simple method for predicting mortality in ambulatory patients with chronic heart failure</nombre></articuloAcademico><articuloAcademico><id /><nombre>Lung cancer after heart transplantation: results from a large multicenter registry.</nombre></articuloAcademico><articuloAcademico><id /><nombre>Valor pronóstico comparativo del pro-péptido natriurético tipo B aminoterminal urinario en pacientes con desestabilización aguda de insuficiencia cardiaca</nombre></articuloAcademico><articuloAcademico><id>22a12022-91cb-43bc-a92a-ae73b470a58d</id><nombre>Metformin protects against doxorubicin-induced cardiotoxicity: involvement of the adiponectin cardiac system</nombre></articuloAcademico><articuloAcademico><id /><nombre>PREOPERATIVE STATIN THERAPY AND TROPONIN T PREDICT EARLY COMPLICATIONS OF CORONARY ARTERY SURGERY</nombre></articuloAcademico><articuloAcademico><id /><nombre>Predictores de transfusión de productos sanguíneos en cirugía de revascularización miocárdica.</nombre></articuloAcademico><articuloAcademico><id>25159fce-1cca-4a9b-bae3-d72378572d4b</id><nombre>type natriuretic peptide release in the coronary effluent following acute transient ischemia in humans</nombre></articuloAcademico><articuloAcademico><id>2547bf28-b5fa-4c2b-82f5-a1e80ab7dbd6</id><nombre>Variables ascociadas a las complicaciones hemorrágicas tras el implante de stents coronarios en pacientes con fibrilación auricular</nombre></articuloAcademico><articuloAcademico><id>27b2998d-610d-41ff-ae08-c518002f66e4</id><nombre>Involvement of ferritin heavy chain in the preventive effect of metformin against doxorubicin-induced cardiotoxicity.</nombre></articuloAcademico><articuloAcademico><id /><nombre>Soluble ST2 Is a Marker for Acute Cardiac Allograft Rejection.</nombre></articuloAcademico><articuloAcademico><id /><nombre>Red blood cell distribution width predicts long-term outcome regardless of anaemia status in acute heart failure patients</nombre></articuloAcademico><articuloAcademico><id /><nombre>Risk factors associated with cytomegalovirus infection in heart transplant patients: a prospective, epidemiological study.</nombre></articuloAcademico><articuloAcademico><id>2ca9dff2-d81f-4d5c-a725-f897dbb44dd1</id><nombre>Duración del QRS y Deterioro hemodinámico precoz tras cirugía de revascularización coronaria.</nombre></articuloAcademico><articuloAcademico><id /><nombre>QRS duration and early hemodynamic instability after coronary revascularization surgery</nombre></articuloAcademico><articuloAcademico><id>31769e98-2d88-4e58-b425-5a0a05b323fc</id><nombre>Mecanismos fisiopatológicos implicados en la evolución de la hemoglobina de pacientes con insuficiencia cardiaca crónica.</nombre></articuloAcademico><articuloAcademico><id>2f5ad61c-4294-4a52-91f6-41ff740ea60a</id><nombre>The MUSIC Risk score: a simple method for predicting mortality in ambulatory patients with chronic heart failure</nombre></articuloAcademico><articuloAcademico><id>34d411f0-def2-460f-9fa4-1aefdaa14a5f</id><nombre>SOLUBLE HLA-G IN HEART TRANSPLANTATION: THEIR RELATIONSHIP TO REJECTION EPISODES AND IMMUNOSUPPRESSIVE THERAPY</nombre></articuloAcademico><articuloAcademico><id /><nombre>Valor pronóstico de la monitorización de beta-traza proteína en pacientes con insuficiencia cardiaca aguda</nombre></articuloAcademico><articuloAcademico><id /><nombre>Relation of B-type natriuretic peptide levels before and after exercise and functional capacity in patients with idiopathic dilated cardiomyopathy</nombre></articuloAcademico><articuloAcademico><id /><nombre>MEDICINA REGENERATIVA CON CELULAS MADRE ADULTAS</nombre></articuloAcademico><articuloAcademico><id>479d2734-0397-4599-b012-8a1b250087b7</id><nombre>PAPEL PRONOSTICO DE LOS NUEVOS BIOMARCADORES EN LA CIRUGIA CORONARIA SIN CIRCULACION EXTRACORPOREA</nombre></articuloAcademico><articuloAcademico><id>49a9e3a4-f253-405e-ada7-8a49339c0fc4</id><nombre>Valor pronóstico del ancho de distribución eritrocitaria en pacientes con insuficiencia cardiaca aguda</nombre></articuloAcademico><articuloAcademico><id /><nombre>Soluble TNF&amp;#945 receptor type I and hepcidin as determinants of development of anemia in the long-term follow-up of heart failure patients.</nombre></articuloAcademico><articuloAcademico><id>4b151212-449f-4e89-bd84-e0bf3979173c</id><nombre>Efecto protector de flutamida sobre la apoptosis  inducida en células cardiacas</nombre></articuloAcademico><articuloAcademico><id /><nombre>A SYSTEMATIC REVIEW OF THE LITERATURE ON HOME MONITORING FOR PATIENTS WITH HEART FAILURE</nombre></articuloAcademico><articuloAcademico><id>4d9c17c6-d852-4ae2-a8bb-3f37d41d1979</id><nombre>&amp;#946-trace Protein and Cystatin C as Predictors of Long Term Outcomes in Patients with Acute Heart Failure</nombre></articuloAcademico><articuloAcademico><id /><nombre>EL DOLOR TORÁCICO EN LAS PRÁCTICA CLINICA HOSPITALARIA: REPERCUSIÓN CLÍNICA Y ASISITENCIAL DEL USO RUTINARIO DE TROPONINAS</nombre></articuloAcademico><articuloAcademico><id>53d250a4-b941-4c4c-bd9c-8b101a151896</id><nombre>Relación entre los linfocitos T CD8CD28-  con la enfermedad vascular del injerto en el trasplante cardiaco.</nombre></articuloAcademico><articuloAcademico><id /><nombre>Mecanismos implicados en la aparición de anemia en pacientes con insuficiencia cardiaca crónica</nombre></articuloAcademico><articuloAcademico><id /><nombre>Soluble ST2 for predicting Sudden Cardiac Death in Patients with Chronic Heart Failure and Left Ventricular Systolic Dysfunction</nombre></articuloAcademico><articuloAcademico><id /><nombre>For the MUSIC Study Group. Left atrial enlargement and NT-pro-BNO as predictors of sudden cardiac death in patients with heart failure</nombre></articuloAcademico><articuloAcademico><id /><nombre>Short-Term Variability of Heart Rate Turbulence in Chronic Heart Failure.</nombre></articuloAcademico><articuloAcademico><id>63b9e31b-8e6b-45e5-9ae9-20d2d827b433</id><nombre>Hyperuricaemia and long-term outcome after hospital discharge in acute heart failure patients</nombre></articuloAcademico><articuloAcademico><id /><nombre>Prognostic value of the Thrombolysis in Myocardial Infarction risk score in a unselected population with chest pain. Construction of a new predictive model.</nombre></articuloAcademico><articuloAcademico><id /><nombre>Serial NTproBNP monitoring and outcomes in outpatients with descompensation of heart failure</nombre></articuloAcademico><articuloAcademico><id /><nombre>Impact of kidney dysfunction on plasma and urinary N-terminal pro-B-type natriuretic peptide in patients with acute heart failure</nombre></articuloAcademico><articuloAcademico><id /><nombre>Usefulness of High Sensitivity Troponin T Assay in Detecting Acute Allograft Rejection After Heart Transplantation</nombre></articuloAcademico><articuloAcademico><id /><nombre>Globulina transportadora de hormonas sexuales:nuevo marcador de severidad y pronóstico en varones con insuficiencia cardiaca crónica.</nombre></articuloAcademico><articuloAcademico><id>6c4240be-2a08-4e4b-ac0e-8cdced3b9c98</id><nombre>Soluble ST2 Monitoring Provides Additional Risk Stratification for Outpatients With Decompensated Heart Failure</nombre></articuloAcademico><articuloAcademico><id /><nombre>Prognostic value of BNP and cardiopulmonary exercise testing in patients with systolic heart failure on beta-blocker therapy.</nombre></articuloAcademico><articuloAcademico><id /><nombre>Eplerenone in mild heart failure.</nombre></articuloAcademico><articuloAcademico><id /><nombre>Globulinatransportadora de hormonas sexuales:un transportador pasivo de hormonas sexuales o una molécula hormonal activa en la insuficiencia cardiaca</nombre></articuloAcademico><articuloAcademico><id>6f584485-eb35-4682-9e45-c76e15e53941</id><nombre>Increased major bleeding complications related to triple antithrombotic therapy usage in patients with atrial fibrillation undergoing percutaneous coronary artery stenting.</nombre></articuloAcademico><articuloAcademico><id>7c405539-377a-41af-9317-3679b1958ba4</id><nombre>Reserva de flujo coronario mediante Doppler transtorácico en el corazón trasplantado. Factibilidad y valores obtenidos en una población no seleccionada.</nombre></articuloAcademico><articuloAcademico><id /><nombre>APLICACION DE UNA PUNTUACION DE RIESGO CORONARIO TIMI RISK STORE EN UNA POBLACION NO SELECCIONADA DE PACIENTES QUE CONSULTAN POR DOLOR TORACICO EN UN SERVICIO DE URGENCIAS</nombre></articuloAcademico><articuloAcademico><id /><nombre>Prognostic Significance of Long-Period Heart Rate Rhythms in Chronic Heart Failure.</nombre></articuloAcademico><articuloAcademico><id>89dec276-2416-40f9-84e4-c6d3d534cd2d</id><nombre>Utilidad del NT-PROBNP como marcador no invasivo de la enfermedad vascular del injerto en pacientes trasplantados cardiacos</nombre></articuloAcademico><articuloAcademico><id>9013052a-22c7-49e7-9be2-083f13f915aa</id><nombre>Valor de nuevos biomarcadores urinarios para predecir fallo renal intrahospitalario en pacientes con insuficiencia cardiaca aguda</nombre></articuloAcademico><articuloAcademico><id>9375b25c-0ea9-4234-8f5a-1d079386ae9b</id><nombre>Gastrointestinal Complications in Heart Transplant Patients: MITOS Study.</nombre></articuloAcademico><articuloAcademico><id>8607f0e8-352e-4552-a834-187d3ce206dd</id><nombre>Soluble ST2, high-sensitivity troponin T- and N-terminal pro-B-type natriuretic peptide: complementary role for risk stratification in acutely decompensated heart failure</nombre></articuloAcademico><articuloAcademico><id /><nombre>Red Blood Cell Distribution Width Adds Prognostic Value for Outpatients With Chronic Heart Failure.</nombre></articuloAcademico><articuloAcademico><id>9ff76bbc-f1ae-4ea8-80ab-88791e66e33e</id><nombre>Usefulness of Serial Monitoring of B-type Natriuretic Peptide for Detection of Acute Rejection after Heart Transplantation</nombre></articuloAcademico><articuloAcademico><id /><nombre>The Relationship of Anti-MICA Antibodies and MICA. Expression with Heart Allograft Rejection</nombre></articuloAcademico><articuloAcademico><id>8a10db17-06ed-4ebb-aabb-8677289a9227</id><nombre>Impacto de la activación neurohormonal de la terapia de resincronización en pacientes con insuficiencia cardiaca avanzada</nombre></articuloAcademico><articuloAcademico><id /><nombre>Reversal of long-term metabolic, cardiovascular and renal complications after immunosuppression withdrawal in liver-transplant patients</nombre></articuloAcademico><articuloAcademico><id>93c82c5b-faca-43f5-a6fe-3c31fd4d8b82</id><nombre>EVALUACION FUNCIONAL DE LOS PACIENTES CON MIOCARDIOPATIA HIPERTROFICA MEDIANTE EL ANALISIS DEL CONSUMO DE OXIGENO MAXIMO</nombre></articuloAcademico><articuloAcademico><id>98a215c0-cf30-4c69-b680-bbdcd42c6136</id><nombre>Proteína surfactante pulmonar tipo B en circulación periférica y deterioro funcional en pacientes con insuficiencia cardiaca crónica.</nombre></articuloAcademico><articuloAcademico><id>a63e548f-0eb3-471c-9b5a-b2dd471bf5dc</id><nombre>Hormonas anabólicas y deterioro funcional en pacientes con insuficiencia cardiaca</nombre></articuloAcademico><articuloAcademico><id /><nombre>Red blood cell distribution width predicts new-onset anemia in heart failure patients</nombre></articuloAcademico><articuloAcademico><id /><nombre>Valor pronóstico del BNP y la prueba de esfuerzo cardiopulmonar en la insuficiencia cardiaca sitólica con tratamiento betabloqeante.</nombre></articuloAcademico><articuloAcademico><id /><nombre>Troponing-T monitoring in outpatients with nonischemic heart failure.</nombre></articuloAcademico><articuloAcademico><id>af5d5650-1bfc-4bcf-b5af-0da57e6d5f2b</id><nombre>Anabolic Status and Functional Impairment in Men With Mild Heart Failure</nombre></articuloAcademico><articuloAcademico><id /><nombre>Metformina protege al cardiomiocito del estrés oxidativo inducido por doxorrubicina: implicación del sistema cardiaco de adiponectina</nombre></articuloAcademico><articuloAcademico><id /><nombre>Differential Actions of Eplerenone and Spironolactone on the Protective Effect of Testosterone Against Cardiomyocyte Apoptosis In Vitro</nombre></articuloAcademico><articuloAcademico><id>aceee5d9-bf4b-41c0-a821-cddbf52b844f</id><nombre>Prognostic value of serum cystatin C and N-terminal pro b-type natriuretic peptide in patients with acute heart failure.</nombre></articuloAcademico><articuloAcademico><id>b2bd59a0-7d49-46a9-acda-6cdcbacd0136</id><nombre>Usefulness of serial monitoring of B-type natriuretic peptide for the detection of acute rejection after heart transplantation</nombre></articuloAcademico><articuloAcademico><id /><nombre>Troponins, a SOS signal in the failing heart</nombre></articuloAcademico><articuloAcademico><id>bffdccfd-c074-4abf-9e7d-2f327a5e902d</id><nombre>Usefulness of clinical and NTproBNP monitoring for prognostic guidance in destabilized heart failure outpatients.</nombre></articuloAcademico><articuloAcademico><id /><nombre>Efecto protector de testosterona sobre apoptosis en cardiomiocitos embrionarios de rata: Efectos diferenciales de eplerenona frente a espirolactona</nombre></articuloAcademico><articuloAcademico><id /><nombre>Impacto de la función renal glomerular y tubular sobre el aclaramiento renal de NT-proBNP plasmático</nombre></articuloAcademico><articuloAcademico><id /><nombre>EL DOLOR TORACICO EN LA PRACTICA CLINICA HOSPITALARIA. REPERCUSION CLINICA Y ASISTENCIAL DEL USO RUTINARIO DE TROPONINAS</nombre></articuloAcademico><articuloAcademico><id /><nombre>Valor pronóstico del NT-PROBNP plasmático y urinario en una población no seleccionada con insuficiencia cardiaca aguda</nombre></articuloAcademico><articuloAcademico><id>c895f703-8ef6-4c26-bf0e-74e17ffacd40</id><nombre>Obesity paradox and risk of sudden death in heart failure: Results from the MUerte Subita en Insuficiencia Cardiaca MUSIC Study</nombre></articuloAcademico><articuloAcademico><id /><nombre>Pulmonary Surfactant Protein B in the Peripheral Circulation and Functional Impairment in Patients With Chronic Heart Failure</nombre></articuloAcademico><articuloAcademico><id /><nombre>Usefulness of Soluble Concentrations of the Interleukin Family Member ST2 as Predictor of Mortality in Patients with Acutely Decompensated Heart Failure Relative to Left Ventricular Ejection Fraction.</nombre></articuloAcademico><articuloAcademico><id>d5ab6819-88e2-4829-ab66-c03d2121bbb4</id><nombre>Utilidad de la troponina T ultrasensible en el diagnóstico no invasivo de la enfermedad vascular del injerto</nombre></articuloAcademico><articuloAcademico><id>d55a1bc8-e36f-4649-9ee8-e8d1c7a7f1f9</id><nombre>Highly sensitive troponin T for risk stratification of acutely destabilized heart failure.</nombre></articuloAcademico><articuloAcademico><id>db2f8523-0a17-4a55-80e8-31ad76e0741a</id><nombre>Determinantes clínicos y valor pronóstico de la hemoglobina en pacientes hospitalizados con insuficiencia cardiaca sistólica</nombre></articuloAcademico><articuloAcademico><id /><nombre>EVOLUCION DE LA INSUFICIENCIA MITRAL SEVERA TRAS OPTIMIZACION DEL TRATAMIENTO MEDICO EN LA MIOCARDIOPATIA DILATADA NO ISQUEMICA</nombre></articuloAcademico><articuloAcademico><id /><nombre>Resultados de un protocolo de seguimiento específico tras el alta hospitalaria de pacientes con insuficiencia cardiaca</nombre></articuloAcademico><articuloAcademico><id /><nombre>Comparison of Late Mortality in Hospitalized Patients 70 Years of Age With Systolic Heart Failure Receiving Beta Blockers Versus Those Not Receiving Beta Blockers</nombre></articuloAcademico><articuloAcademico><id>dba09419-e933-4dc0-b1f9-053806eeb67b</id><nombre>Heart and kidney. A love that kills.</nombre></articuloAcademico><articuloAcademico><id /><nombre>B-type natriuretic peptide release in the coronary effluent following acute transient ishcemia in humans.</nombre></articuloAcademico><articuloAcademico><id /><nombre>UTILIDAD DEL NTPROBNP EN EL MANEJO URGENTE DEL PACIENTE CON DISNEA SEVERA Y DIAGNOSTICO DUDOSO DE INSUFICIENCIA CARDIACA</nombre></articuloAcademico><articuloAcademico><id>e1838ad4-e676-4f88-9efb-0d34a0922fe9</id><nombre>CD28 and KIR2D receptors as sensors of the immune status in heart and liver transplantation</nombre></articuloAcademico><articuloAcademico><id /><nombre>Efecto de la terapia con hierro intravenoso sobre los niveles de péptidos natriuréticos en pacientes con insuficiencia cardiaca crónica</nombre></articuloAcademico><articuloAcademico><id>ea87713f-fa1c-422f-98b0-5f34c78ae87f</id><nombre>Expression of HLA Molecules on Peripheral Blood Lymphocytes: A Useful Monitoring Parameter in Cardiac Transplantation</nombre></articuloAcademico><articuloAcademico><id>f82aab9f-4733-4b68-98cd-4e3d286a93d8</id><nombre>Serial monitoring of soluble interleukin family member ST2 in patients with acutely decompensated heart failure.</nombre></articuloAcademico><articuloAcademico><id>f84e667b-8840-408e-b69e-d20eac1076dc</id><nombre>Risk stratification of mortality in patients with heart failure and left ventricular ejection fraction 35.</nombre></articuloAcademico><articuloAcademico><id /><nombre>Influence of Induction Therapy, Immunosuppressive Regimen and Anti-viral Prophylaxis on Development of Lymphomas After Heart Transplantation: Data From the Sanish Post-Heart Transplant Tumour Registry</nombre></articuloAcademico><articuloAcademico><id /><nombre>STATINS AND POSTOPERATIVE RISK OF ATRIAL FIBRILLATION FOLLOWING CORONARY ARTERY BYPASS GRAFTING</nombre></articuloAcademico><articuloAcademico><id>f9053599-66ac-4ea4-8951-d16c873a0882</id><nombre>THE PREDICTIVE VALUE OF SOLUBLE MAJOR HISTOCOMPATIBILITY COMPLEX CLASS I CHAIN RELATED MOLECULE A MICA LEVELS ON HEART ALLOGRAFT REJECTION</nombre></articuloAcademico><articuloAcademico><id>f8768b5a-dd2e-4c1c-9968-2ea7eeae1a43</id><nombre>Passive Ca2 overload in H9c2 cardiac myoblasts: Assessment of cellular damage and cytosolic Ca2 transients</nombre></articuloAcademico><articuloAcademico><id /><nombre>Reproducibility of echocardiographic measurements of epicardial fat thickness</nombre></articuloAcademico></AutorCorrespondienteDe><participaEnActividad /></Persona>