﻿<?xml version="1.0" encoding="utf-8"?><Libro xmlns:xsi="http://www.w3.org/2001/XMLSchema-instance" xmlns:xsd="http://www.w3.org/2001/XMLSchema"><id>0697d3c1-b7f7-463a-8d44-2c55566912b2</id><titulo>BROMATOLOGIA E INSPECCIÓN VETERINARIA DE ALIMENTOS.</titulo><fecha>1999-01-01T00:00:00.000+01:00</fecha><autorCorrespondiente><id>388c8c9d-aeb5-4108-b3ca-152d84cc15b9</id><nombre>GASPAR FRANCISCO ROS BERRUEZO</nombre></autorCorrespondiente><listaDeAutores><Autor><id>388c8c9d-aeb5-4108-b3ca-152d84cc15b9</id><nombre>GASPAR FRANCISCO ROS BERRUEZO</nombre></Autor><Autor><id /><nombre>MARIA ISABEL MARTINEZ VALVERDE</nombre></Autor><Autor><id>4df11b8f-ff51-47f7-a346-41c5f827ab32</id><nombre>MARIA JESUS PERIAGO CASTON</nombre></Autor><Autor><id>94a98fcd-7bda-4b8e-b188-f14985895f53</id><nombre>MARIA LUISA VIDAL GUEVARA</nombre></Autor><Autor><id /><nombre>MARIA CARMEN MARTINEZ GRACIA</nombre></Autor></listaDeAutores></Libro>