﻿<?xml version="1.0" encoding="utf-8"?><Libro xmlns:xsi="http://www.w3.org/2001/XMLSchema-instance" xmlns:xsd="http://www.w3.org/2001/XMLSchema"><id>1bf63e26-d6d6-4f4f-8254-05c35e87a5ad</id><titulo>LIBRO HOMENAJE AL PROFESOR DOCTOR DON RODRIGO POZO LORA</titulo><fecha>1991-01-01T00:00:00.000+01:00</fecha><autorCorrespondiente><id>388c8c9d-aeb5-4108-b3ca-152d84cc15b9</id><nombre>GASPAR FRANCISCO ROS BERRUEZO</nombre></autorCorrespondiente><listaDeAutores><Autor><id>388c8c9d-aeb5-4108-b3ca-152d84cc15b9</id><nombre>GASPAR FRANCISCO ROS BERRUEZO</nombre></Autor><Autor><id /><nombre>FRANCISCO RINCÓN LEÓN</nombre></Autor></listaDeAutores></Libro>