﻿<?xml version="1.0" encoding="utf-8"?><Libro xmlns:xsi="http://www.w3.org/2001/XMLSchema-instance" xmlns:xsd="http://www.w3.org/2001/XMLSchema"><id>1f6d5b4d-d737-4062-8b49-01aca8f3d737</id><titulo>Un entorno de integración de ontologías para el desarrollo de sistemas de gestión del conocimiento</titulo><fecha>2005-01-01T00:00:00.000+01:00</fecha><autorCorrespondiente><id>3a65f070-e09d-4a74-9b63-a4eeef338afa</id><nombre>JESUALDO TOMAS FERNANDEZ BREIS</nombre></autorCorrespondiente><listaDeAutores><Autor><id>3a65f070-e09d-4a74-9b63-a4eeef338afa</id><nombre>JESUALDO TOMAS FERNANDEZ BREIS</nombre></Autor></listaDeAutores></Libro>