﻿<?xml version="1.0" encoding="utf-8"?><Libro xmlns:xsi="http://www.w3.org/2001/XMLSchema-instance" xmlns:xsd="http://www.w3.org/2001/XMLSchema"><id /><titulo>Proceedings The Second International Conference on Emerging Security Information, Systems and Technologies SECURWARE 2008. Includes DEPEND 2008</titulo><fecha>2008-01-01T00:00:00.000+01:00</fecha><autorCorrespondiente><id>4704772e-4c91-48b9-b6d5-88bfca068581</id><nombre>ANTONIO FERNANDO SKARMETA GOMEZ</nombre></autorCorrespondiente><listaDeAutores><Autor><id>4704772e-4c91-48b9-b6d5-88bfca068581</id><nombre>ANTONIO FERNANDO SKARMETA GOMEZ</nombre></Autor><Autor><id /><nombre>MASARU TAKESUE</nombre></Autor><Autor><id>94c03e97-222d-4882-a8ed-cb826cae80e1</id><nombre>MIHAELA ION</nombre></Autor><Autor><id /><nombre>MANUELA POPESCU</nombre></Autor><Autor><id>d04ba7fc-62f4-4f15-90bb-5473a2b25c30</id><nombre>OANA DINI</nombre></Autor><Autor><id>e07e1c3b-e504-4e48-a2dc-83177ef8a9b3</id><nombre>ANDRE COTTON</nombre></Autor></listaDeAutores></Libro>