﻿<?xml version="1.0" encoding="utf-8"?><Libro xmlns:xsi="http://www.w3.org/2001/XMLSchema-instance" xmlns:xsd="http://www.w3.org/2001/XMLSchema"><id /><titulo>Características de la canal y calidad de la carne, composición mineral y lipídica del cerdo Chato Murciano y su cruce con Ibérico. Efecto del sistema de manejo.</titulo><fecha>2007-01-01T00:00:00.000+01:00</fecha><autorCorrespondiente><id>388c8c9d-aeb5-4108-b3ca-152d84cc15b9</id><nombre>GASPAR FRANCISCO ROS BERRUEZO</nombre></autorCorrespondiente><listaDeAutores><Autor><id>388c8c9d-aeb5-4108-b3ca-152d84cc15b9</id><nombre>GASPAR FRANCISCO ROS BERRUEZO</nombre></Autor><Autor><id /><nombre>MIGUEL GALIANA GARCIA</nombre></Autor><Autor><id /><nombre>ÁNGEL POTO REMACHAR</nombre></Autor><Autor><id>c605e81c-af09-4fc6-a9e0-0e0c1d1c2ecb</id><nombre>BEGOÑA PEINADO RAMON</nombre></Autor></listaDeAutores></Libro>