﻿<?xml version="1.0" encoding="utf-8"?><Libro xmlns:xsi="http://www.w3.org/2001/XMLSchema-instance" xmlns:xsd="http://www.w3.org/2001/XMLSchema"><id>632868a2-5fda-447c-87c6-2cefc0f62104</id><titulo>Evaluación in vitro e in vivo de la fucionalidad de un producto rico en antioxidantes.</titulo><fecha>2006-01-01T00:00:00.000+01:00</fecha><autorCorrespondiente><id>388c8c9d-aeb5-4108-b3ca-152d84cc15b9</id><nombre>GASPAR FRANCISCO ROS BERRUEZO</nombre></autorCorrespondiente><listaDeAutores><Autor><id>388c8c9d-aeb5-4108-b3ca-152d84cc15b9</id><nombre>GASPAR FRANCISCO ROS BERRUEZO</nombre></Autor><Autor><id /><nombre>MARIA JESUS PERIAGO CASTON</nombre></Autor><Autor><id>8f0fe720-812d-4c69-946b-c2d3a20d3a40</id><nombre>FRANCISCO JAVIER GARCIA ALONSO</nombre></Autor></listaDeAutores></Libro>