﻿<?xml version="1.0" encoding="utf-8"?><Libro xmlns:xsi="http://www.w3.org/2001/XMLSchema-instance" xmlns:xsd="http://www.w3.org/2001/XMLSchema"><id>6e24b5c1-8b79-4b55-9fe0-b74c0e9b0ef9</id><titulo>Evaluación en e-learning basada en tecnologías de la web semántica y el procesamiento del lenguaje natural</titulo><fecha>2007-01-01T00:00:00.000+01:00</fecha><autorCorrespondiente><id>3a65f070-e09d-4a74-9b63-a4eeef338afa</id><nombre>JESUALDO TOMAS FERNANDEZ BREIS</nombre></autorCorrespondiente><listaDeAutores><Autor><id>3a65f070-e09d-4a74-9b63-a4eeef338afa</id><nombre>JESUALDO TOMAS FERNANDEZ BREIS</nombre></Autor><Autor><id /><nombre>RAFAEL VALENCIA GARCIA</nombre></Autor><Autor><id>d49a9079-e07e-489c-a592-987e57c3e4db</id><nombre>DAGOBERTO CASTELLANOS NIEVES</nombre></Autor></listaDeAutores></Libro>