﻿<?xml version="1.0" encoding="utf-8"?><Libro xmlns:xsi="http://www.w3.org/2001/XMLSchema-instance" xmlns:xsd="http://www.w3.org/2001/XMLSchema"><id>75abe96e-8ccc-42b3-af98-972f025b5bfa</id><titulo>Ad-Hoc, Mobile and Wireless Networks.8th International Conference, ADHOC-NOW 2009</titulo><fecha>2009-01-01T00:00:00.000+01:00</fecha><autorCorrespondiente><id>d64770f9-83b8-41e8-b38c-7c284d51898a</id><nombre>PEDRO MIGUEL RUIZ MARTINEZ</nombre></autorCorrespondiente><listaDeAutores><Autor><id /><nombre>JOSE JOAQUÍN GARCÍA-LUNA-ACEVES</nombre></Autor><Autor><id>d64770f9-83b8-41e8-b38c-7c284d51898a</id><nombre>PEDRO MIGUEL RUIZ MARTINEZ</nombre></Autor></listaDeAutores></Libro>