﻿<?xml version="1.0" encoding="utf-8"?><Libro xmlns:xsi="http://www.w3.org/2001/XMLSchema-instance" xmlns:xsd="http://www.w3.org/2001/XMLSchema"><id /><titulo>PRACTICAS DE BROMATOLOGÍA E INSPECCIÓN VETERINARIA DE ALIMNETOS</titulo><fecha>1999-01-01T00:00:00.000+01:00</fecha><autorCorrespondiente><id>388c8c9d-aeb5-4108-b3ca-152d84cc15b9</id><nombre>GASPAR FRANCISCO ROS BERRUEZO</nombre></autorCorrespondiente><listaDeAutores><Autor><id /><nombre>GASPAR FRANCISCO ROS BERRUEZO</nombre></Autor><Autor><id>47aac933-9745-4557-8725-bce23d1592ca</id><nombre>MARIA ISABEL MARTINEZ VALVERDE</nombre></Autor><Autor><id>4df11b8f-ff51-47f7-a346-41c5f827ab32</id><nombre>MARIA JESUS PERIAGO CASTON</nombre></Autor><Autor><id /><nombre>MARIA LUISA VIDAL GUEVARA</nombre></Autor><Autor><id>f9289da7-4cc9-4db4-9a22-a54dfe2479c6</id><nombre>MARIA CARMEN MARTINEZ GRACIA</nombre></Autor></listaDeAutores></Libro>