﻿<?xml version="1.0" encoding="utf-8"?><Libro xmlns:xsi="http://www.w3.org/2001/XMLSchema-instance" xmlns:xsd="http://www.w3.org/2001/XMLSchema"><id>c0354396-2fad-4b78-8567-3d2769ec7c1e</id><titulo>TRADUCTORES</titulo><fecha>2001-01-01T00:00:00.000+01:00</fecha><autorCorrespondiente><id>7440fdef-76ed-4206-81a1-695dca686a9a</id><nombre>JUAN ANTONIO BOTIA BLAYA</nombre></autorCorrespondiente><listaDeAutores><Autor><id /><nombre>DANIEL SANCHEZ ALVAREZ</nombre></Autor><Autor><id>5b6ba248-046f-4512-be85-bcb6d1fac500</id><nombre>MARIA ANTONIA CARDENAS VIEDMA</nombre></Autor><Autor><id /><nombre>JUAN ANTONIO BOTIA BLAYA</nombre></Autor></listaDeAutores></Libro>