﻿<?xml version="1.0" encoding="utf-8"?><Libro xmlns:xsi="http://www.w3.org/2001/XMLSchema-instance" xmlns:xsd="http://www.w3.org/2001/XMLSchema"><id>d0f575c5-c96b-46cb-9b12-e8e5a3b8c0b6</id><titulo>INTELIGENCIA ARTIFICIAL</titulo><fecha>2001-01-01T00:00:00.000+01:00</fecha><autorCorrespondiente><id>7440fdef-76ed-4206-81a1-695dca686a9a</id><nombre>JUAN ANTONIO BOTIA BLAYA</nombre></autorCorrespondiente><listaDeAutores><Autor><id>08122e75-aec3-4af2-b4ee-c2c97c7dfa49</id><nombre>LUIS DANIEL HERNANDEZ MOLINERO</nombre></Autor><Autor><id>85cb0f88-167c-4d9e-93ab-cb39a811de43</id><nombre>ENRIQUE PANIAGUA ARIS</nombre></Autor><Autor><id>7440fdef-76ed-4206-81a1-695dca686a9a</id><nombre>JUAN ANTONIO BOTIA BLAYA</nombre></Autor><Autor><id>d529362e-02ee-4af7-9114-0cc237b937c5</id><nombre>JUAN MANUEL MORENO RODRIGUEZ</nombre></Autor><Autor><id /><nombre>JOSE MANUEL CADENAS FIGUEREDO</nombre></Autor></listaDeAutores></Libro>