﻿<?xml version="1.0" encoding="utf-8"?><Libro xmlns:xsi="http://www.w3.org/2001/XMLSchema-instance" xmlns:xsd="http://www.w3.org/2001/XMLSchema"><id>d64993bd-0474-4b0b-81d5-18499bd1488f</id><titulo>II JORNADAS NACIONALES Y I INTERNACIONALES SOBRE RESIDUOS EN ANIMALES Y ALIMENTOS DE ORIGEN ANIMAL</titulo><fecha>1998-01-01T00:00:00.000+01:00</fecha><autorCorrespondiente><id>7a1b886c-ab12-478c-9f5d-3e288fe4e620</id><nombre>JOSE JOAQUIN CERON MADRIGAL</nombre></autorCorrespondiente><listaDeAutores /></Libro>