﻿<?xml version="1.0" encoding="utf-8"?><Libro xmlns:xsi="http://www.w3.org/2001/XMLSchema-instance" xmlns:xsd="http://www.w3.org/2001/XMLSchema"><id /><titulo>Estabilidad de vitaminas, vida comercial y bioaccesibilidad de folatos-hierro en formulas infantiles de continuación y crecimiento.</titulo><fecha>2008-01-01T00:00:00.000+01:00</fecha><autorCorrespondiente><id>388c8c9d-aeb5-4108-b3ca-152d84cc15b9</id><nombre>GASPAR FRANCISCO ROS BERRUEZO</nombre></autorCorrespondiente><listaDeAutores><Autor><id /><nombre>FERNANDO ROMERO BRAQUEHAIS</nombre></Autor><Autor><id>20405055-011a-48a6-9e5b-63573122c0d6</id><nombre>PEDRO ABELLAN BALLESTA</nombre></Autor><Autor><id /><nombre>GASPAR FRANCISCO ROS BERRUEZO</nombre></Autor><Autor><id /><nombre>DARIO PEREZ CONESA</nombre></Autor></listaDeAutores></Libro>