﻿<?xml version="1.0" encoding="utf-8"?><Libro xmlns:xsi="http://www.w3.org/2001/XMLSchema-instance" xmlns:xsd="http://www.w3.org/2001/XMLSchema"><id /><titulo>Sistemas Telemáticos de Orientación, Asesoramiento y Recursos para el Alumnado en Educación Superior</titulo><fecha>2006-01-01T00:00:00.000+01:00</fecha><autorCorrespondiente><id>3a65f070-e09d-4a74-9b63-a4eeef338afa</id><nombre>JESUALDO TOMAS FERNANDEZ BREIS</nombre></autorCorrespondiente><listaDeAutores><Autor><id /><nombre>JESUALDO TOMAS FERNANDEZ BREIS</nombre></Autor><Autor><id /><nombre>LUCIA AMOROS POVEDA</nombre></Autor><Autor><id /><nombre>PATRICIA LOPEZ VICENT</nombre></Autor><Autor><id>91a46a71-e44f-4a3a-983d-39441839a6a3</id><nombre>RAFAEL VALENCIA GARCIA</nombre></Autor><Autor><id>bfd72bc4-ab90-40a3-b000-9f7026ac0e00</id><nombre>LINDA JOHANNA CASTAÑEDA QUINTERO</nombre></Autor><Autor><id>d43fcebd-0572-4367-a347-dd982af1f418</id><nombre>FRANCISCO MARTINEZ SANCHEZ</nombre></Autor><Autor><id /><nombre>MARIA PAZ PRENDES ESPINOSA</nombre></Autor><Autor><id /><nombre>ISABEL MARIA SOLANO FERNANDEZ</nombre></Autor></listaDeAutores></Libro>