﻿<?xml version="1.0" encoding="utf-8"?><Libro xmlns:xsi="http://www.w3.org/2001/XMLSchema-instance" xmlns:xsd="http://www.w3.org/2001/XMLSchema"><id /><titulo>LEGAL ASPECTS OF THE NEW INTERNET PROTOCOL IPV6. ASPECTOS LEGALES DEL NUEVO PROTOCOLO DE INTERNET IPV6</titulo><fecha>2005-01-01T00:00:00.000+01:00</fecha><autorCorrespondiente><id>4704772e-4c91-48b9-b6d5-88bfca068581</id><nombre>ANTONIO FERNANDO SKARMETA GOMEZ</nombre></autorCorrespondiente><listaDeAutores><Autor><id /><nombre>GREGORIO MARTÍNEZ PÉREZ</nombre></Autor><Autor><id /><nombre>ANTONIO FERNANDO SKARMETA GOMEZ</nombre></Autor><Autor><id /><nombre>HUGO ECIJA BERNAL</nombre></Autor><Autor><id>493685fd-a9e9-4e07-b001-e82dde6aceef</id><nombre>CARLOS ALBERTO SÁIZ PEÑA</nombre></Autor><Autor><id>5eead3c6-43b2-4286-896e-feded68eebc2</id><nombre>ALVARO ECIJA BERNAL</nombre></Autor><Autor><id /><nombre>KAISOR BASAR</nombre></Autor><Autor><id>c19f11b7-437f-44fd-a52f-622f9d1fa163</id><nombre>JENNIFER GIL KROKUN</nombre></Autor><Autor><id /><nombre>JORDI PALET MARTÍNEZ</nombre></Autor><Autor><id>9e0c3a10-95a3-4fb4-b14d-603b98286c63</id><nombre>FRANCISCO J. CARBAYO VAZQUEZ</nombre></Autor></listaDeAutores></Libro>