﻿<?xml version="1.0" encoding="utf-8"?><Libro xmlns:xsi="http://www.w3.org/2001/XMLSchema-instance" xmlns:xsd="http://www.w3.org/2001/XMLSchema"><id>eef76c7a-54b6-4233-9c5d-ca443e595f50</id><titulo>TECNOLOGIAS Y LOGICA FUZZY. ACTAS DEL CONGRESO ESTYLF'95</titulo><fecha>1995-01-01T00:00:00.000+01:00</fecha><autorCorrespondiente><id>4704772e-4c91-48b9-b6d5-88bfca068581</id><nombre>ANTONIO FERNANDO SKARMETA GOMEZ</nombre></autorCorrespondiente><listaDeAutores><Autor><id>08b7b6b5-e5ab-4e86-93f1-93a93b053a07</id><nombre>ROQUE LUIS MARIN MORALES</nombre></Autor><Autor><id>4704772e-4c91-48b9-b6d5-88bfca068581</id><nombre>ANTONIO FERNANDO SKARMETA GOMEZ</nombre></Autor><Autor><id>b4b9a6f3-c461-49a7-a822-9519b555300f</id><nombre>JOSE MANUEL CADENAS FIGUEREDO</nombre></Autor><Autor><id /><nombre>ALBERTO RUIZ GARCIA</nombre></Autor></listaDeAutores></Libro>