﻿<?xml version="1.0" encoding="utf-8"?><Libro xmlns:xsi="http://www.w3.org/2001/XMLSchema-instance" xmlns:xsd="http://www.w3.org/2001/XMLSchema"><id /><titulo>Efecto de la adición de fitasa sobre la biodisponibilidad mineral in vitro en papillas infantiles.</titulo><fecha>2007-01-01T00:00:00.000+01:00</fecha><autorCorrespondiente><id>388c8c9d-aeb5-4108-b3ca-152d84cc15b9</id><nombre>GASPAR FRANCISCO ROS BERRUEZO</nombre></autorCorrespondiente><listaDeAutores><Autor><id /><nombre>MARIA DEL CARMEN FRONTELA SASETA</nombre></Autor><Autor><id>388c8c9d-aeb5-4108-b3ca-152d84cc15b9</id><nombre>GASPAR FRANCISCO ROS BERRUEZO</nombre></Autor><Autor><id /><nombre>MARIA CARMEN MARTINEZ GRACIA</nombre></Autor></listaDeAutores></Libro>